Exchange Date,Implied Volatility,Strike Price,Days to Maturity,Close_Index
2023-03-20,20.1,4500,396,4119.42
2023-03-20,19.5,4900,396,4119.42
2023-03-20,19.8,4600,396,4119.42
2023-03-20,19.8,5000,396,4119.42
2023-03-20,19.5,4700,396,4119.42
2023-03-20,19.6,4800,396,4119.42
2023-03-21,18.9,4600,395,4181.6
2023-03-21,18.5,4900,395,4181.6
2023-03-21,19.1,4500,395,4181.6
2023-03-21,18.5,4700,395,4181.6
2023-03-21,18.5,4800,395,4181.6
2023-03-21,18.6,5000,395,4181.6
2023-03-22,18.4,4600,394,4195.7
2023-03-22,18.6,4500,394,4195.7
2023-03-22,18.0,4700,394,4195.7
2023-03-22,18.1,5000,394,4195.7
2023-03-22,18.0,4800,394,4195.7
2023-03-22,18.0,4900,394,4195.7
2023-03-23,18.7,5000,393,4207.14
2023-03-23,18.5,4700,393,4207.14
2023-03-23,18.5,4800,393,4207.14
2023-03-23,19.0,4500,393,4207.14
2023-03-23,18.6,4900,393,4207.14
2023-03-23,18.8,4600,393,4207.14
2023-03-24,19.9,4500,392,4130.62
2023-03-24,19.6,4800,392,4130.62
2023-03-24,19.9,5000,392,4130.62
2023-03-24,19.4,4700,392,4130.62
2023-03-24,19.6,4900,392,4130.62
2023-03-24,19.6,4600,392,4130.62
2023-03-27,19.0,4500,389,4164.62
2023-03-27,18.5,4700,389,4164.62
2023-03-27,18.6,4900,389,4164.62
2023-03-27,18.8,5000,389,4164.62
2023-03-27,18.8,4600,389,4164.62
2023-03-27,18.6,4800,389,4164.62
2023-03-28,18.7,5000,388,4168.21
2023-03-28,18.7,4600,388,4168.21
2023-03-28,18.5,4800,388,4168.21
2023-03-28,18.9,4500,388,4168.21
2023-03-28,18.5,4900,388,4168.21
2023-03-28,18.4,4700,388,4168.21
2023-03-29,18.4,4800,387,4231.27
2023-03-29,18.9,4500,387,4231.27
2023-03-29,18.6,4900,387,4231.27
2023-03-29,18.6,5000,387,4231.27
2023-03-29,18.7,4600,387,4231.27
2023-03-29,18.5,4700,387,4231.27
2023-03-30,18.2,4600,386,4285.42
2023-03-30,17.8,4900,386,4285.42
2023-03-30,17.7,5000,386,4285.42
2023-03-30,18.0,4700,386,4285.42
2023-03-30,18.6,4500,386,4285.42
2023-03-30,17.7,4800,386,4285.42
2023-03-31,18.0,4700,385,4315.05
2023-03-31,18.2,4600,385,4315.05
2023-03-31,17.7,4900,385,4315.05
2023-03-31,17.7,5000,385,4315.05
2023-03-31,18.7,4500,385,4315.05
2023-03-31,17.7,4800,385,4315.05
2023-04-03,18.1,4600,382,4311.05
2023-04-03,18.6,4500,382,4311.05
2023-04-03,17.7,4800,382,4311.05
2023-04-03,17.7,4900,382,4311.05
2023-04-03,17.7,5000,382,4311.05
2023-04-03,18.0,4700,382,4311.05
2023-04-04,17.6,5000,381,4315.32
2023-04-04,17.9,4700,381,4315.32
2023-04-04,17.6,4800,381,4315.32
2023-04-04,18.1,4600,381,4315.32
2023-04-04,18.6,4500,381,4315.32
2023-04-04,17.6,4900,381,4315.32
2023-04-05,18.5,4700,380,4298.36
2023-04-05,18.3,4900,380,4298.36
2023-04-05,19.1,4500,380,4298.36
2023-04-05,18.2,4800,380,4298.36
2023-04-05,18.4,5000,380,4298.36
2023-04-05,18.6,4600,380,4298.36
2023-04-06,17.6,4800,379,4309.45
2023-04-06,17.6,4900,379,4309.45
2023-04-06,18.0,4700,379,4309.45
2023-04-06,17.6,5000,379,4309.45
2023-04-06,18.6,4500,379,4309.45
2023-04-06,18.1,4600,379,4309.45
2023-04-11,17.8,4600,374,4333.29
2023-04-11,17.1,4900,374,4333.29
2023-04-11,18.4,4500,374,4333.29
2023-04-11,17.1,5000,374,4333.29
2023-04-11,17.6,4700,374,4333.29
2023-04-11,17.2,4800,374,4333.29
2023-04-12,17.8,4600,373,4334.03
2023-04-12,17.6,4700,373,4334.03
2023-04-12,17.2,5000,373,4334.03
2023-04-12,17.2,4800,373,4334.03
2023-04-12,17.2,4900,373,4334.03
2023-04-12,18.4,4500,373,4334.03
2023-04-13,17.0,5000,372,4363.24
2023-04-13,18.3,4500,372,4363.24
2023-04-13,17.7,4600,372,4363.24
2023-04-13,17.0,4850,372,4363.24
2023-04-13,17.0,4925,372,4363.24
2023-04-13,18.0,4550,372,4363.24
2023-04-13,17.4,4700,372,4363.24
2023-04-13,17.1,4800,372,4363.24
2023-04-13,17.0,4900,372,4363.24
2023-04-13,17.3,4750,372,4363.24
2023-04-13,17.5,4650,372,4363.24
2023-04-14,17.4,4750,371,4390.75
2023-04-14,17.8,4600,371,4390.75
2023-04-14,17.1,4850,371,4390.75
2023-04-14,18.2,4550,371,4390.75
2023-04-14,17.0,4900,371,4390.75
2023-04-14,17.0,4925,371,4390.75
2023-04-14,17.1,5000,371,4390.75
2023-04-14,18.3,4500,371,4390.75
2023-04-14,17.5,4700,371,4390.75
2023-04-14,17.6,4650,371,4390.75
2023-04-14,17.2,4800,371,4390.75
2023-04-17,17.9,4550,368,4367.61
2023-04-17,17.4,4650,368,4367.61
2023-04-17,17.3,4700,368,4367.61
2023-04-17,18.2,4500,368,4367.61
2023-04-17,17.2,4750,368,4367.61
2023-04-17,16.7,5000,368,4367.61
2023-04-17,16.8,4900,368,4367.61
2023-04-17,16.8,4925,368,4367.61
2023-04-17,17.6,4600,368,4367.61
2023-04-17,16.9,4800,368,4367.61
2023-04-17,16.8,4850,368,4367.61
2023-04-18,16.8,4800,367,4393.95
2023-04-18,17.1,4700,367,4393.95
2023-04-18,16.6,4900,367,4393.95
2023-04-18,17.3,4650,367,4393.95
2023-04-18,16.7,4925,367,4393.95
2023-04-18,17.1,4750,367,4393.95
2023-04-18,16.7,5000,367,4393.95
2023-04-18,17.5,4600,367,4393.95
2023-04-18,16.7,4850,367,4393.95
2023-04-18,17.9,4550,367,4393.95
2023-04-18,18.0,4500,367,4393.95
2023-04-19,17.8,4550,366,4393.57
2023-04-19,16.5,4925,366,4393.57
2023-04-19,17.4,4600,366,4393.57
2023-04-19,17.0,4700,366,4393.57
2023-04-19,16.4,5000,366,4393.57
2023-04-19,16.5,4900,366,4393.57
2023-04-19,18.0,4500,366,4393.57
2023-04-19,17.2,4650,366,4393.57
2023-04-19,16.5,4850,366,4393.57
2023-04-19,16.9,4750,366,4393.57
2023-04-19,16.7,4800,366,4393.57
2023-04-20,18.2,4500,365,4384.86
2023-04-20,16.7,4850,365,4384.86
2023-04-20,17.3,4650,365,4384.86
2023-04-20,16.7,5000,365,4384.86
2023-04-20,17.2,4700,365,4384.86
2023-04-20,16.9,4800,365,4384.86
2023-04-20,17.6,4600,365,4384.86
2023-04-20,17.1,4750,365,4384.86
2023-04-20,17.9,4550,365,4384.86
2023-04-20,16.7,4925,365,4384.86
2023-04-20,16.7,4900,365,4384.86
2023-04-21,16.7,4900,364,4408.59
2023-04-21,16.8,5000,364,4408.59
2023-04-21,18.1,4550,364,4408.59
2023-04-21,18.3,4500,364,4408.59
2023-04-21,17.0,4800,364,4408.59
2023-04-21,16.7,4925,364,4408.59
2023-04-21,17.2,4750,364,4408.59
2023-04-21,17.7,4600,364,4408.59
2023-04-21,17.5,4650,364,4408.59
2023-04-21,16.8,4850,364,4408.59
2023-04-21,17.3,4700,364,4408.59
2023-04-24,17.3,4700,361,4401.8
2023-04-24,18.3,4500,361,4401.8
2023-04-24,17.2,4750,361,4401.8
2023-04-24,16.8,4850,361,4401.8
2023-04-24,18.1,4550,361,4401.8
2023-04-24,17.0,4800,361,4401.8
2023-04-24,16.8,5000,361,4401.8
2023-04-24,16.7,4925,361,4401.8
2023-04-24,16.7,4900,361,4401.8
2023-04-24,17.7,4600,361,4401.8
2023-04-24,17.5,4650,361,4401.8
2023-04-25,16.4,4850,360,4377.85
2023-04-25,17.4,4600,360,4377.85
2023-04-25,16.8,4750,360,4377.85
2023-04-25,16.1,5000,360,4377.85
2023-04-25,16.6,4800,360,4377.85
2023-04-25,17.8,4550,360,4377.85
2023-04-25,17.2,4650,360,4377.85
2023-04-25,18.1,4500,360,4377.85
2023-04-25,17.0,4700,360,4377.85
2023-04-25,16.3,4925,360,4377.85
2023-04-25,16.3,4900,360,4377.85
2023-04-26,18.5,4500,359,4347.71
2023-04-26,17.3,4750,359,4347.71
2023-04-26,16.9,4925,359,4347.71
2023-04-26,17.5,4700,359,4347.71
2023-04-26,16.9,4850,359,4347.71
2023-04-26,16.9,4900,359,4347.71
2023-04-26,18.1,4550,359,4347.71
2023-04-26,17.8,4600,359,4347.71
2023-04-26,16.7,5000,359,4347.71
2023-04-26,17.0,4800,359,4347.71
2023-04-26,17.6,4650,359,4347.71
2023-04-27,17.9,4550,358,4358.05
2023-04-27,17.2,4700,358,4358.05
2023-04-27,16.5,4850,358,4358.05
2023-04-27,17.6,4600,358,4358.05
2023-04-27,16.2,5000,358,4358.05
2023-04-27,16.5,4900,358,4358.05
2023-04-27,16.5,4925,358,4358.05
2023-04-27,18.3,4500,358,4358.05
2023-04-27,17.3,4650,358,4358.05
2023-04-27,16.9,4750,358,4358.05
2023-04-27,16.7,4800,358,4358.05
2023-04-28,16.5,4925,357,4359.31
2023-04-28,18.3,4500,357,4359.31
2023-04-28,16.9,4750,357,4359.31
2023-04-28,17.9,4550,357,4359.31
2023-04-28,16.5,4900,357,4359.31
2023-04-28,16.2,5000,357,4359.31
2023-04-28,17.6,4600,357,4359.31
2023-04-28,17.3,4650,357,4359.31
2023-04-28,16.7,4800,357,4359.31
2023-04-28,17.2,4700,357,4359.31
2023-04-28,16.5,4850,357,4359.31
2023-05-02,16.9,4750,353,4294.85
2023-05-02,16.5,4900,353,4294.85
2023-05-02,17.3,4650,353,4294.85
2023-05-02,18.3,4500,353,4294.85
2023-05-02,16.7,4800,353,4294.85
2023-05-02,17.2,4700,353,4294.85
2023-05-02,16.5,4925,353,4294.85
2023-05-02,17.6,4600,353,4294.85
2023-05-02,16.5,4850,353,4294.85
2023-05-02,16.2,5000,353,4294.85
2023-05-02,17.9,4550,353,4294.85
2023-05-03,17.9,4500,352,4310.18
2023-05-03,17.3,4600,352,4310.18
2023-05-03,16.1,4925,352,4310.18
2023-05-03,17.2,4650,352,4310.18
2023-05-03,17.6,4550,352,4310.18
2023-05-03,16.4,4850,352,4310.18
2023-05-03,16.6,4750,352,4310.18
2023-05-03,16.9,4700,352,4310.18
2023-05-03,16.0,5000,352,4310.18
2023-05-03,16.5,4800,352,4310.18
2023-05-03,16.2,4900,352,4310.18
2023-05-04,17.3,4750,351,4287.03
2023-05-04,17.1,4850,351,4287.03
2023-05-04,16.9,4925,351,4287.03
2023-05-04,17.0,4900,351,4287.03
2023-05-04,17.9,4600,351,4287.03
2023-05-04,17.8,4650,351,4287.03
2023-05-04,16.9,5000,351,4287.03
2023-05-04,17.1,4800,351,4287.03
2023-05-04,17.5,4700,351,4287.03
2023-05-04,18.4,4500,351,4287.03
2023-05-04,18.1,4550,351,4287.03
2023-05-05,17.8,4600,350,4340.43
2023-05-05,18.5,4500,350,4340.43
2023-05-05,17.6,4650,350,4340.43
2023-05-05,16.8,4850,350,4340.43
2023-05-05,16.5,5000,350,4340.43
2023-05-05,17.2,4750,350,4340.43
2023-05-05,17.5,4700,350,4340.43
2023-05-05,16.9,4800,350,4340.43
2023-05-05,18.1,4550,350,4340.43
2023-05-05,16.7,4925,350,4340.43
2023-05-05,16.8,4900,350,4340.43
2023-05-08,17.4,4700,347,4348.65
2023-05-08,17.5,4650,347,4348.65
2023-05-08,16.8,4925,347,4348.65
2023-05-08,17.7,4600,347,4348.65
2023-05-08,16.8,4850,347,4348.65
2023-05-08,18.0,4550,347,4348.65
2023-05-08,16.8,4900,347,4348.65
2023-05-08,16.9,4800,347,4348.65
2023-05-08,18.4,4500,347,4348.65
2023-05-08,16.7,5000,347,4348.65
2023-05-08,17.2,4750,347,4348.65
2023-05-09,17.7,4600,346,4323.09
2023-05-09,17.4,4700,346,4323.09
2023-05-09,16.8,4900,346,4323.09
2023-05-09,18.0,4550,346,4323.09
2023-05-09,16.9,4800,346,4323.09
2023-05-09,16.7,5000,346,4323.09
2023-05-09,17.5,4650,346,4323.09
2023-05-09,16.8,4850,346,4323.09
2023-05-09,17.2,4750,346,4323.09
2023-05-09,18.4,4500,346,4323.09
2023-05-09,16.8,4925,346,4323.09
2023-05-10,17.9,4700,345,4306.76
2023-05-10,18.0,4650,345,4306.76
2023-05-10,18.4,4550,345,4306.76
2023-05-10,18.1,4600,345,4306.76
2023-05-10,17.6,4925,345,4306.76
2023-05-10,17.7,4750,345,4306.76
2023-05-10,17.5,4800,345,4306.76
2023-05-10,17.5,5000,345,4306.76
2023-05-10,18.7,4500,345,4306.76
2023-05-10,17.5,4850,345,4306.76
2023-05-10,17.5,4900,345,4306.76
2023-05-11,18.0,4550,344,4309.75
2023-05-11,17.0,4800,344,4309.75
2023-05-11,17.6,4650,344,4309.75
2023-05-11,18.3,4500,344,4309.75
2023-05-11,17.5,4700,344,4309.75
2023-05-11,16.9,5000,344,4309.75
2023-05-11,17.7,4600,344,4309.75
2023-05-11,17.2,4750,344,4309.75
2023-05-11,17.0,4925,344,4309.75
2023-05-11,17.0,4850,344,4309.75
2023-05-11,17.0,4900,344,4309.75
2023-05-12,16.6,4925,343,4317.88
2023-05-12,18.0,4500,343,4317.88
2023-05-12,17.4,4600,343,4317.88
2023-05-12,16.7,4800,343,4317.88
2023-05-12,16.6,4850,343,4317.88
2023-05-12,17.7,4550,343,4317.88
2023-05-12,16.7,4900,343,4317.88
2023-05-12,17.2,4650,343,4317.88
2023-05-12,16.8,4750,343,4317.88
2023-05-12,16.5,5000,343,4317.88
2023-05-12,17.1,4700,343,4317.88
2023-05-15,17.3,4700,340,4316.41
2023-05-15,17.4,4650,340,4316.41
2023-05-15,17.0,4925,340,4316.41
2023-05-15,18.2,4500,340,4316.41
2023-05-15,17.6,4600,340,4316.41
2023-05-15,16.9,4800,340,4316.41
2023-05-15,17.0,4900,340,4316.41
2023-05-15,17.8,4550,340,4316.41
2023-05-15,17.0,5000,340,4316.41
2023-05-15,16.9,4850,340,4316.41
2023-05-15,17.1,4750,340,4316.41
2023-05-16,16.7,4900,339,4315.51
2023-05-16,16.7,4925,339,4315.51
2023-05-16,17.2,4650,339,4315.51
2023-05-16,16.7,4800,339,4315.51
2023-05-16,16.9,4750,339,4315.51
2023-05-16,16.7,5000,339,4315.51
2023-05-16,17.6,4550,339,4315.51
2023-05-16,16.7,4850,339,4315.51
2023-05-16,17.3,4600,339,4315.51
2023-05-16,18.0,4500,339,4315.51
2023-05-16,17.1,4700,339,4315.51
2023-05-17,18.1,4500,338,4323.23
2023-05-17,16.8,4900,338,4323.23
2023-05-17,16.8,4850,338,4323.23
2023-05-17,16.8,4800,338,4323.23
2023-05-17,16.9,5000,338,4323.23
2023-05-17,17.0,4750,338,4323.23
2023-05-17,17.7,4550,338,4323.23
2023-05-17,17.4,4600,338,4323.23
2023-05-17,17.3,4650,338,4323.23
2023-05-17,17.2,4700,338,4323.23
2023-05-17,16.9,4925,338,4323.23
2023-05-18,17.2,4700,337,4367.45
2023-05-18,16.9,5000,337,4367.45
2023-05-18,16.8,4900,337,4367.45
2023-05-18,17.7,4550,337,4367.45
2023-05-18,17.3,4650,337,4367.45
2023-05-18,17.4,4600,337,4367.45
2023-05-18,18.1,4500,337,4367.45
2023-05-18,16.8,4850,337,4367.45
2023-05-18,17.0,4750,337,4367.45
2023-05-18,16.8,4800,337,4367.45
2023-05-18,16.9,4925,337,4367.45
2023-05-19,16.2,4925,336,4395.3
2023-05-19,17.7,4500,336,4395.3
2023-05-19,16.6,4750,336,4395.3
2023-05-19,17.5,4550,336,4395.3
2023-05-19,16.2,4900,336,4395.3
2023-05-19,16.7,4700,336,4395.3
2023-05-19,17.2,4600,336,4395.3
2023-05-19,16.5,4800,336,4395.3
2023-05-19,16.3,5000,336,4395.3
2023-05-19,16.9,4650,336,4395.3
2023-05-19,16.3,4850,336,4395.3
2023-05-22,16.4,4750,333,4385.63
2023-05-22,16.0,5000,333,4385.63
2023-05-22,17.0,4600,333,4385.63
2023-05-22,17.5,4500,333,4385.63
2023-05-22,16.1,4800,333,4385.63
2023-05-22,16.7,4650,333,4385.63
2023-05-22,15.9,4925,333,4385.63
2023-05-22,16.4,4700,333,4385.63
2023-05-22,15.9,4900,333,4385.63
2023-05-22,17.3,4550,333,4385.63
2023-05-22,16.0,4850,333,4385.63
2023-05-23,17.6,4550,332,4342.38
2023-05-23,16.6,5000,332,4342.38
2023-05-23,17.8,4500,332,4342.38
2023-05-23,16.6,4800,332,4342.38
2023-05-23,17.2,4600,332,4342.38
2023-05-23,16.8,4750,332,4342.38
2023-05-23,16.9,4700,332,4342.38
2023-05-23,16.5,4850,332,4342.38
2023-05-23,16.5,4900,332,4342.38
2023-05-23,17.0,4650,332,4342.38
2023-05-23,16.6,4925,332,4342.38
2023-05-24,17.6,4650,331,4263.74
2023-05-24,17.7,4600,331,4263.74
2023-05-24,17.4,4900,331,4263.74
2023-05-24,17.9,4550,331,4263.74
2023-05-24,17.5,5000,331,4263.74
2023-05-24,17.4,4925,331,4263.74
2023-05-24,18.2,4500,331,4263.74
2023-05-24,17.5,4700,331,4263.74
2023-05-24,17.3,4850,331,4263.74
2023-05-24,17.2,4800,331,4263.74
2023-05-24,17.3,4750,331,4263.74
2023-05-25,17.1,4925,330,4269.64
2023-05-25,17.9,4550,330,4269.64
2023-05-25,17.1,5000,330,4269.64
2023-05-25,17.1,4900,330,4269.64
2023-05-25,17.4,4700,330,4269.64
2023-05-25,17.1,4850,330,4269.64
2023-05-25,17.6,4650,330,4269.64
2023-05-25,17.1,4800,330,4269.64
2023-05-25,17.7,4600,330,4269.64
2023-05-25,18.2,4500,330,4269.64
2023-05-25,17.2,4750,330,4269.64
2023-05-26,17.8,4550,329,4337.5
2023-05-26,16.7,4925,329,4337.5
2023-05-26,16.6,4900,329,4337.5
2023-05-26,16.6,5000,329,4337.5
2023-05-26,17.1,4700,329,4337.5
2023-05-26,18.0,4500,329,4337.5
2023-05-26,17.0,4750,329,4337.5
2023-05-26,17.4,4600,329,4337.5
2023-05-26,16.8,4800,329,4337.5
2023-05-26,17.2,4650,329,4337.5
2023-05-26,16.6,4850,329,4337.5
2023-05-29,17.0,4750,326,4320.01
2023-05-29,17.4,4600,326,4320.01
2023-05-29,17.8,4550,326,4320.01
2023-05-29,16.8,4800,326,4320.01
2023-05-29,16.7,4925,326,4320.01
2023-05-29,16.6,4900,326,4320.01
2023-05-29,16.6,4850,326,4320.01
2023-05-29,17.1,4700,326,4320.01
2023-05-29,17.2,4650,326,4320.01
2023-05-29,18.0,4500,326,4320.01
2023-05-29,16.6,5000,326,4320.01
2023-05-30,16.3,5000,325,4291.58
2023-05-30,16.3,4900,325,4291.58
2023-05-30,16.4,4800,325,4291.58
2023-05-30,16.9,4650,325,4291.58
2023-05-30,17.2,4550,325,4291.58
2023-05-30,17.0,4600,325,4291.58
2023-05-30,17.6,4500,325,4291.58
2023-05-30,16.5,4750,325,4291.58
2023-05-30,16.7,4700,325,4291.58
2023-05-30,16.3,4925,325,4291.58
2023-05-30,16.4,4850,325,4291.58
2023-05-31,18.1,5000,324,4218.04
2023-05-31,18.2,4500,324,4218.04
2023-05-31,17.9,4650,324,4218.04
2023-05-31,17.7,4700,324,4218.04
2023-05-31,18.0,4550,324,4218.04
2023-05-31,17.7,4800,324,4218.04
2023-05-31,17.6,4750,324,4218.04
2023-05-31,18.0,4600,324,4218.04
2023-05-31,17.8,4850,324,4218.04
2023-05-31,17.8,4925,324,4218.04
2023-05-31,17.8,4900,324,4218.04
2023-06-01,16.8,4800,323,4257.61
2023-06-01,16.8,4850,323,4257.61
2023-06-01,16.8,4925,323,4257.61
2023-06-01,16.9,4700,323,4257.61
2023-06-01,17.0,5000,323,4257.61
2023-06-01,17.4,4550,323,4257.61
2023-06-01,16.8,4750,323,4257.61
2023-06-01,16.8,4900,323,4257.61
2023-06-01,17.2,4600,323,4257.61
2023-06-01,17.6,4500,323,4257.61
2023-06-01,17.2,4650,323,4257.61
2023-06-02,16.6,4900,322,4323.52
2023-06-02,17.9,4500,322,4323.52
2023-06-02,16.6,4850,322,4323.52
2023-06-02,17.6,4550,322,4323.52
2023-06-02,16.9,4750,322,4323.52
2023-06-02,16.7,4800,322,4323.52
2023-06-02,17.0,4700,322,4323.52
2023-06-02,16.5,5000,322,4323.52
2023-06-02,16.6,4925,322,4323.52
2023-06-02,17.3,4600,322,4323.52
2023-06-02,17.1,4650,322,4323.52
2023-06-05,16.4,4700,319,4293.24
2023-06-05,16.4,5000,319,4293.24
2023-06-05,16.2,4800,319,4293.24
2023-06-05,16.3,4925,319,4293.24
2023-06-05,16.3,4900,319,4293.24
2023-06-05,16.9,4550,319,4293.24
2023-06-05,16.6,4650,319,4293.24
2023-06-05,16.3,4850,319,4293.24
2023-06-05,16.7,4600,319,4293.24
2023-06-05,17.3,4500,319,4293.24
2023-06-05,16.2,4750,319,4293.24
2023-06-06,16.1,4900,318,4295.22
2023-06-06,16.1,4925,318,4295.22
2023-06-06,16.0,4800,318,4295.22
2023-06-06,16.4,4600,318,4295.22
2023-06-06,16.3,5000,318,4295.22
2023-06-06,16.0,4750,318,4295.22
2023-06-06,16.1,4700,318,4295.22
2023-06-06,16.3,4650,318,4295.22
2023-06-06,17.0,4500,318,4295.22
2023-06-06,16.1,4850,318,4295.22
2023-06-06,16.7,4550,318,4295.22
2023-06-07,15.8,4800,317,4291.91
2023-06-07,16.7,4500,317,4291.91
2023-06-07,15.9,4925,317,4291.91
2023-06-07,16.2,5000,317,4291.91
2023-06-07,15.9,4900,317,4291.91
2023-06-07,16.2,4600,317,4291.91
2023-06-07,16.4,4550,317,4291.91
2023-06-07,15.7,4750,317,4291.91
2023-06-07,15.9,4850,317,4291.91
2023-06-07,15.9,4700,317,4291.91
2023-06-07,16.1,4650,317,4291.91
2023-06-08,15.8,4800,316,4297.68
2023-06-08,16.1,4650,316,4297.68
2023-06-08,15.9,4925,316,4297.68
2023-06-08,16.4,4550,316,4297.68
2023-06-08,15.9,4900,316,4297.68
2023-06-08,16.2,5000,316,4297.68
2023-06-08,15.9,4850,316,4297.68
2023-06-08,16.2,4600,316,4297.68
2023-06-08,16.7,4500,316,4297.68
2023-06-08,15.9,4700,316,4297.68
2023-06-08,15.7,4750,316,4297.68
2023-06-09,16.2,4925,315,4289.79
2023-06-09,16.0,4800,315,4289.79
2023-06-09,16.8,4500,315,4289.79
2023-06-09,16.0,4750,315,4289.79
2023-06-09,16.5,5000,315,4289.79
2023-06-09,16.2,4900,315,4289.79
2023-06-09,16.3,4650,315,4289.79
2023-06-09,16.3,4600,315,4289.79
2023-06-09,16.1,4700,315,4289.79
2023-06-09,16.1,4850,315,4289.79
2023-06-09,16.5,4550,315,4289.79
2023-06-12,15.7,4925,312,4316.49
2023-06-12,15.8,4700,312,4316.49
2023-06-12,15.6,4750,312,4316.49
2023-06-12,16.0,5000,312,4316.49
2023-06-12,16.3,4550,312,4316.49
2023-06-12,15.6,4800,312,4316.49
2023-06-12,16.0,4600,312,4316.49
2023-06-12,15.7,4850,312,4316.49
2023-06-12,15.9,4650,312,4316.49
2023-06-12,15.7,4900,312,4316.49
2023-06-12,16.6,4500,312,4316.49
2023-06-13,15.1,4850,311,4347.55
2023-06-13,15.6,4600,311,4347.55
2023-06-13,15.9,4550,311,4347.55
2023-06-13,15.2,4925,311,4347.55
2023-06-13,15.2,4900,311,4347.55
2023-06-13,15.1,4750,311,4347.55
2023-06-13,15.3,5000,311,4347.55
2023-06-13,15.4,4650,311,4347.55
2023-06-13,15.0,4800,311,4347.55
2023-06-13,15.3,4700,311,4347.55
2023-06-13,16.2,4500,311,4347.55
2023-06-14,15.0,4800,310,4375.98
2023-06-14,15.5,4650,310,4375.98
2023-06-14,15.7,4600,310,4375.98
2023-06-14,15.2,4750,310,4375.98
2023-06-14,16.1,4550,310,4375.98
2023-06-14,16.3,4500,310,4375.98
2023-06-14,15.3,4700,310,4375.98
2023-06-14,15.2,4925,310,4375.98
2023-06-14,15.3,5000,310,4375.98
2023-06-14,15.0,4850,310,4375.98
2023-06-14,15.2,4900,310,4375.98
2023-06-15,15.1,4750,309,4365.12
2023-06-15,15.0,4800,309,4365.12
2023-06-15,16.0,4550,309,4365.12
2023-06-15,15.3,5000,309,4365.12
2023-06-15,15.2,4925,309,4365.12
2023-06-15,15.0,4850,309,4365.12
2023-06-15,15.2,4900,309,4365.12
2023-06-15,15.3,4700,309,4365.12
2023-06-15,15.4,4650,309,4365.12
2023-06-15,15.6,4600,309,4365.12
2023-06-15,16.2,4500,309,4365.12
2023-06-16,14.5,4900,308,4394.82
2023-06-16,14.4,5000,308,4394.82
2023-06-16,14.5,4800,308,4394.82
2023-06-16,15.8,4550,308,4394.82
2023-06-16,14.7,4750,308,4394.82
2023-06-16,14.4,4925,308,4394.82
2023-06-16,14.9,4700,308,4394.82
2023-06-16,15.4,4600,308,4394.82
2023-06-16,14.4,4850,308,4394.82
2023-06-16,15.1,4650,308,4394.82
2023-06-16,16.0,4500,308,4394.82
2023-06-19,16.3,4500,305,4362.38
2023-06-19,15.0,4800,305,4362.38
2023-06-19,16.1,4550,305,4362.38
2023-06-19,15.4,4700,305,4362.38
2023-06-19,15.7,4600,305,4362.38
2023-06-19,15.1,4850,305,4362.38
2023-06-19,15.2,4900,305,4362.38
2023-06-19,15.5,4650,305,4362.38
2023-06-19,15.2,4750,305,4362.38
2023-06-19,15.3,5000,305,4362.38
2023-06-19,15.2,4925,305,4362.38
2023-06-20,15.5,4900,304,4343.14
2023-06-20,16.5,4500,304,4343.14
2023-06-20,16.2,4550,304,4343.14
2023-06-20,15.4,4750,304,4343.14
2023-06-20,15.6,4700,304,4343.14
2023-06-20,15.5,4925,304,4343.14
2023-06-20,15.7,5000,304,4343.14
2023-06-20,15.8,4600,304,4343.14
2023-06-20,15.4,4850,304,4343.14
2023-06-20,15.7,4650,304,4343.14
2023-06-20,15.3,4800,304,4343.14
2023-06-21,15.3,4700,303,4322.75
2023-06-21,15.1,4800,303,4322.75
2023-06-21,15.1,4850,303,4322.75
2023-06-21,15.1,4750,303,4322.75
2023-06-21,15.5,4650,303,4322.75
2023-06-21,15.1,4900,303,4322.75
2023-06-21,15.1,4925,303,4322.75
2023-06-21,16.3,4500,303,4322.75
2023-06-21,15.9,4550,303,4322.75
2023-06-21,15.3,5000,303,4322.75
2023-06-21,15.7,4600,303,4322.75
2023-06-22,15.5,4700,302,4304.47
2023-06-22,15.4,4800,302,4304.47
2023-06-22,15.5,4925,302,4304.47
2023-06-22,16.0,4550,302,4304.47
2023-06-22,15.8,5000,302,4304.47
2023-06-22,15.7,4650,302,4304.47
2023-06-22,15.4,4750,302,4304.47
2023-06-22,15.8,4600,302,4304.47
2023-06-22,15.5,4850,302,4304.47
2023-06-22,16.4,4500,302,4304.47
2023-06-22,15.5,4900,302,4304.47
2023-06-23,16.0,4600,301,4271.61
2023-06-23,16.1,4925,301,4271.61
2023-06-23,15.9,4850,301,4271.61
2023-06-23,15.7,4700,301,4271.61
2023-06-23,16.0,4900,301,4271.61
2023-06-23,15.8,4650,301,4271.61
2023-06-23,15.8,4800,301,4271.61
2023-06-23,16.1,4550,301,4271.61
2023-06-23,16.5,5000,301,4271.61
2023-06-23,15.7,4750,301,4271.61
2023-06-23,16.3,4500,301,4271.61
2023-06-26,15.6,4925,298,4280.57
2023-06-26,16.0,4550,298,4280.57
2023-06-26,16.0,5000,298,4280.57
2023-06-26,15.4,4750,298,4280.57
2023-06-26,15.8,4600,298,4280.57
2023-06-26,16.3,4500,298,4280.57
2023-06-26,15.5,4850,298,4280.57
2023-06-26,15.7,4650,298,4280.57
2023-06-26,15.5,4700,298,4280.57
2023-06-26,15.5,4800,298,4280.57
2023-06-26,15.5,4900,298,4280.57
2023-06-27,15.3,4850,297,4305.26
2023-06-27,15.8,4600,297,4305.26
2023-06-27,15.3,4925,297,4305.26
2023-06-27,15.3,4800,297,4305.26
2023-06-27,15.6,5000,297,4305.26
2023-06-27,15.2,4750,297,4305.26
2023-06-27,15.4,4700,297,4305.26
2023-06-27,16.0,4550,297,4305.26
2023-06-27,15.2,4900,297,4305.26
2023-06-27,16.3,4500,297,4305.26
2023-06-27,15.7,4650,297,4305.26
2023-06-28,14.8,4750,296,4344.75
2023-06-28,15.3,4600,296,4344.75
2023-06-28,14.7,4900,296,4344.75
2023-06-28,14.7,4925,296,4344.75
2023-06-28,14.8,4850,296,4344.75
2023-06-28,14.9,5000,296,4344.75
2023-06-28,15.6,4550,296,4344.75
2023-06-28,15.2,4650,296,4344.75
2023-06-28,16.0,4500,296,4344.75
2023-06-28,15.0,4700,296,4344.75
2023-06-28,14.7,4800,296,4344.75
2023-06-29,15.2,4650,295,4354.69
2023-06-29,15.1,4700,295,4354.69
2023-06-29,14.8,4850,295,4354.69
2023-06-29,14.7,4925,295,4354.69
2023-06-29,14.8,4800,295,4354.69
2023-06-29,14.9,5000,295,4354.69
2023-06-29,15.6,4550,295,4354.69
2023-06-29,15.9,4500,295,4354.69
2023-06-29,14.9,4750,295,4354.69
2023-06-29,14.8,4900,295,4354.69
2023-06-29,15.4,4600,295,4354.69
2023-06-30,14.3,5000,294,4399.09
2023-06-30,14.3,4800,294,4399.09
2023-06-30,14.6,4700,294,4399.09
2023-06-30,14.7,4650,294,4399.09
2023-06-30,14.3,4850,294,4399.09
2023-06-30,14.5,4750,294,4399.09
2023-06-30,15.0,4600,294,4399.09
2023-06-30,14.3,4925,294,4399.09
2023-06-30,15.3,4550,294,4399.09
2023-06-30,15.5,4500,294,4399.09
2023-06-30,14.3,4900,294,4399.09
2023-07-03,14.2,4850,291,4398.15
2023-07-03,14.9,4600,291,4398.15
2023-07-03,14.2,4925,291,4398.15
2023-07-03,14.3,5000,291,4398.15
2023-07-03,14.2,4900,291,4398.15
2023-07-03,15.3,4550,291,4398.15
2023-07-03,14.2,4800,291,4398.15
2023-07-03,14.4,4750,291,4398.15
2023-07-03,14.6,4700,291,4398.15
2023-07-03,15.5,4500,291,4398.15
2023-07-03,14.7,4650,291,4398.15
2023-07-04,14.4,4800,290,4390.99
2023-07-04,14.5,4750,290,4390.99
2023-07-04,14.4,4900,290,4390.99
2023-07-04,15.5,4500,290,4390.99
2023-07-04,15.0,4600,290,4390.99
2023-07-04,14.7,4700,290,4390.99
2023-07-04,15.4,4550,290,4390.99
2023-07-04,14.4,4850,290,4390.99
2023-07-04,14.4,4925,290,4390.99
2023-07-04,14.5,5000,290,4390.99
2023-07-04,14.8,4650,290,4390.99
2023-07-05,15.9,4500,289,4350.71
2023-07-05,14.9,4800,289,4350.71
2023-07-05,14.9,4925,289,4350.71
2023-07-05,15.2,4650,289,4350.71
2023-07-05,14.9,4900,289,4350.71
2023-07-05,15.1,4700,289,4350.71
2023-07-05,15.3,4600,289,4350.71
2023-07-05,15.2,5000,289,4350.71
2023-07-05,14.9,4750,289,4350.71
2023-07-05,15.0,4850,289,4350.71
2023-07-05,15.6,4550,289,4350.71
2023-07-06,15.8,4550,288,4223.09
2023-07-06,15.5,4650,288,4223.09
2023-07-06,15.6,4800,288,4223.09
2023-07-06,16.2,4925,288,4223.09
2023-07-06,15.5,4700,288,4223.09
2023-07-06,16.7,5000,288,4223.09
2023-07-06,15.6,4600,288,4223.09
2023-07-06,15.6,4750,288,4223.09
2023-07-06,15.9,4500,288,4223.09
2023-07-06,15.8,4850,288,4223.09
2023-07-06,16.1,4900,288,4223.09
2023-07-07,15.4,4650,287,4236.6
2023-07-07,15.7,4900,287,4236.6
2023-07-07,15.9,4925,287,4236.6
2023-07-07,15.8,4550,287,4236.6
2023-07-07,15.4,4800,287,4236.6
2023-07-07,15.4,4700,287,4236.6
2023-07-07,15.6,4600,287,4236.6
2023-07-07,16.2,5000,287,4236.6
2023-07-07,15.5,4750,287,4236.6
2023-07-07,15.9,4500,287,4236.6
2023-07-07,15.5,4850,287,4236.6
2023-07-10,15.6,4850,284,4256.51
2023-07-10,15.5,4800,284,4256.51
2023-07-10,15.8,4600,284,4256.51
2023-07-10,15.5,4650,284,4256.51
2023-07-10,15.5,4700,284,4256.51
2023-07-10,16.4,5000,284,4256.51
2023-07-10,15.8,4550,284,4256.51
2023-07-10,15.9,4925,284,4256.51
2023-07-10,15.7,4900,284,4256.51
2023-07-10,16.0,4500,284,4256.51
2023-07-10,15.5,4750,284,4256.51
2023-07-11,15.1,4650,283,4286.56
2023-07-11,15.0,4800,283,4286.56
2023-07-11,15.1,4900,283,4286.56
2023-07-11,14.9,4850,283,4286.56
2023-07-11,15.6,4500,283,4286.56
2023-07-11,15.7,5000,283,4286.56
2023-07-11,15.2,4925,283,4286.56
2023-07-11,14.9,4750,283,4286.56
2023-07-11,15.4,4550,283,4286.56
2023-07-11,14.9,4700,283,4286.56
2023-07-11,15.3,4600,283,4286.56
2023-07-12,15.5,4500,282,4360.46
2023-07-12,14.4,4850,282,4360.46
2023-07-12,14.7,4650,282,4360.46
2023-07-12,14.3,4800,282,4360.46
2023-07-12,14.6,4700,282,4360.46
2023-07-12,14.8,4600,282,4360.46
2023-07-12,15.2,4550,282,4360.46
2023-07-12,14.4,4750,282,4360.46
2023-07-12,14.6,5000,282,4360.46
2023-07-12,14.3,4900,282,4360.46
2023-07-12,14.3,4925,282,4360.46
2023-07-13,14.3,4900,281,4391.76
2023-07-13,14.7,4700,281,4391.76
2023-07-13,15.4,4550,281,4391.76
2023-07-13,14.4,4750,281,4391.76
2023-07-13,14.4,5000,281,4391.76
2023-07-13,15.6,4500,281,4391.76
2023-07-13,15.0,4600,281,4391.76
2023-07-13,14.3,4800,281,4391.76
2023-07-13,14.8,4650,281,4391.76
2023-07-13,14.3,4925,281,4391.76
2023-07-13,14.3,4850,281,4391.76
2023-07-14,14.3,4925,280,4400.11
2023-07-14,15.6,4500,280,4400.11
2023-07-14,14.4,4800,280,4400.11
2023-07-14,15.4,4550,280,4400.11
2023-07-14,14.7,4700,280,4400.11
2023-07-14,14.3,4850,280,4400.11
2023-07-14,15.1,4600,280,4400.11
2023-07-14,14.4,4900,280,4400.11
2023-07-14,14.4,5000,280,4400.11
2023-07-14,14.5,4750,280,4400.11
2023-07-14,14.8,4650,280,4400.11
2023-07-17,14.7,4750,277,4356.79
2023-07-17,14.8,4850,277,4356.79
2023-07-17,14.7,4800,277,4356.79
2023-07-17,14.7,4900,277,4356.79
2023-07-17,15.1,4600,277,4356.79
2023-07-17,15.7,4500,277,4356.79
2023-07-17,14.8,4925,277,4356.79
2023-07-17,14.9,4700,277,4356.79
2023-07-17,15.4,4550,277,4356.79
2023-07-17,15.0,4650,277,4356.79
2023-07-17,15.1,5000,277,4356.79
2023-07-18,15.4,4550,276,4369.73
2023-07-18,15.1,4600,276,4369.73
2023-07-18,14.6,4750,276,4369.73
2023-07-18,14.7,5000,276,4369.73
2023-07-18,14.8,4700,276,4369.73
2023-07-18,14.5,4800,276,4369.73
2023-07-18,14.9,4650,276,4369.73
2023-07-18,14.5,4925,276,4369.73
2023-07-18,14.6,4850,276,4369.73
2023-07-18,14.5,4900,276,4369.73
2023-07-18,15.7,4500,276,4369.73
2023-07-19,15.7,4500,275,4362.28
2023-07-19,14.8,4700,275,4362.28
2023-07-19,15.4,4550,275,4362.28
2023-07-19,14.7,4850,275,4362.28
2023-07-19,14.6,4750,275,4362.28
2023-07-19,14.9,4650,275,4362.28
2023-07-19,14.6,4925,275,4362.28
2023-07-19,14.9,5000,275,4362.28
2023-07-19,14.6,4900,275,4362.28
2023-07-19,14.6,4800,275,4362.28
2023-07-19,15.1,4600,275,4362.28
2023-07-20,14.8,4925,274,4373.73
2023-07-20,15.7,4500,274,4373.73
2023-07-20,14.7,4850,274,4373.73
2023-07-20,14.9,4700,274,4373.73
2023-07-20,14.7,4750,274,4373.73
2023-07-20,15.0,5000,274,4373.73
2023-07-20,14.9,4650,274,4373.73
2023-07-20,14.6,4800,274,4373.73
2023-07-20,15.1,4600,274,4373.73
2023-07-20,14.7,4900,274,4373.73
2023-07-20,15.4,4550,274,4373.73
2023-07-21,14.4,4800,273,4391.41
2023-07-21,14.8,5000,273,4391.41
2023-07-21,15.4,4550,273,4391.41
2023-07-21,14.5,4925,273,4391.41
2023-07-21,14.5,4900,273,4391.41
2023-07-21,15.0,4600,273,4391.41
2023-07-21,14.8,4650,273,4391.41
2023-07-21,14.7,4700,273,4391.41
2023-07-21,15.5,4500,273,4391.41
2023-07-21,14.5,4850,273,4391.41
2023-07-21,14.5,4750,273,4391.41
2023-07-24,14.7,4650,270,4383.03
2023-07-24,15.3,4550,270,4383.03
2023-07-24,14.4,4750,270,4383.03
2023-07-24,14.6,4700,270,4383.03
2023-07-24,15.5,4500,270,4383.03
2023-07-24,14.4,4850,270,4383.03
2023-07-24,14.7,5000,270,4383.03
2023-07-24,14.4,4900,270,4383.03
2023-07-24,14.9,4600,270,4383.03
2023-07-24,14.4,4925,270,4383.03
2023-07-24,14.4,4800,270,4383.03
2023-07-25,15.5,4550,269,4391.3
2023-07-25,15.6,4500,269,4391.3
2023-07-25,14.9,4700,269,4391.3
2023-07-25,14.7,4750,269,4391.3
2023-07-25,14.7,4850,269,4391.3
2023-07-25,14.7,4925,269,4391.3
2023-07-25,15.1,4600,269,4391.3
2023-07-25,14.6,4800,269,4391.3
2023-07-25,15.0,5000,269,4391.3
2023-07-25,14.7,4900,269,4391.3
2023-07-25,14.9,4650,269,4391.3
2023-07-26,15.0,4650,268,4346.15
2023-07-26,15.3,4550,268,4346.15
2023-07-26,14.8,4800,268,4346.15
2023-07-26,14.7,4750,268,4346.15
2023-07-26,14.8,4700,268,4346.15
2023-07-26,15.3,5000,268,4346.15
2023-07-26,15.7,4500,268,4346.15
2023-07-26,14.9,4850,268,4346.15
2023-07-26,15.1,4600,268,4346.15
2023-07-26,15.0,4925,268,4346.15
2023-07-26,14.9,4900,268,4346.15
2023-07-27,14.6,4750,267,4447.44
2023-07-27,15.3,4550,267,4447.44
2023-07-27,14.4,4800,267,4447.44
2023-07-27,14.4,4925,267,4447.44
2023-07-27,14.3,4900,267,4447.44
2023-07-27,15.6,4500,267,4447.44
2023-07-27,14.8,4650,267,4447.44
2023-07-27,14.3,4850,267,4447.44
2023-07-27,15.2,4600,267,4447.44
2023-07-27,14.5,5000,267,4447.44
2023-07-27,14.6,4700,267,4447.44
2023-07-28,15.2,4550,266,4466.5
2023-07-28,14.1,4800,266,4466.5
2023-07-28,15.6,4500,266,4466.5
2023-07-28,14.0,5000,266,4466.5
2023-07-28,14.3,4750,266,4466.5
2023-07-28,14.4,4700,266,4466.5
2023-07-28,14.0,4850,266,4466.5
2023-07-28,14.0,4925,266,4466.5
2023-07-28,14.7,4650,266,4466.5
2023-07-28,14.0,4900,266,4466.5
2023-07-28,15.0,4600,266,4466.5
2023-07-31,15.1,4650,263,4471.31
2023-07-31,14.6,4750,263,4471.31
2023-07-31,14.4,4900,263,4471.31
2023-07-31,14.4,4925,263,4471.31
2023-07-31,15.3,4600,263,4471.31
2023-07-31,14.6,4800,263,4471.31
2023-07-31,14.4,5000,263,4471.31
2023-07-31,15.6,4550,263,4471.31
2023-07-31,15.9,4500,263,4471.31
2023-07-31,14.4,4850,263,4471.31
2023-07-31,14.8,4700,263,4471.31
2023-08-01,14.9,4900,262,4407.54
2023-08-01,14.8,4850,262,4407.54
2023-08-01,15.0,5000,262,4407.54
2023-08-01,15.9,4550,262,4407.54
2023-08-01,15.6,4600,262,4407.54
2023-08-01,15.3,4650,262,4407.54
2023-08-01,15.0,4750,262,4407.54
2023-08-01,14.9,4925,262,4407.54
2023-08-01,16.1,4500,262,4407.54
2023-08-01,14.9,4800,262,4407.54
2023-08-01,15.2,4700,262,4407.54
2023-08-02,16.2,4650,261,4336.5
2023-08-02,16.3,4600,261,4336.5
2023-08-02,16.6,4550,261,4336.5
2023-08-02,16.9,4500,261,4336.5
2023-08-02,16.0,4800,261,4336.5
2023-08-02,16.4,5000,261,4336.5
2023-08-02,16.1,4850,261,4336.5
2023-08-02,16.2,4925,261,4336.5
2023-08-02,16.1,4900,261,4336.5
2023-08-02,16.0,4750,261,4336.5
2023-08-02,16.1,4700,261,4336.5
2023-08-03,16.5,4925,260,4304.63
2023-08-03,16.3,4800,260,4304.63
2023-08-03,16.4,4900,260,4304.63
2023-08-03,16.6,4550,260,4304.63
2023-08-03,16.4,4850,260,4304.63
2023-08-03,16.5,4600,260,4304.63
2023-08-03,16.9,5000,260,4304.63
2023-08-03,17.0,4500,260,4304.63
2023-08-03,16.3,4700,260,4304.63
2023-08-03,16.2,4750,260,4304.63
2023-08-03,16.5,4650,260,4304.63
2023-08-04,15.4,4800,259,4332.91
2023-08-04,15.8,4600,259,4332.91
2023-08-04,15.5,4850,259,4332.91
2023-08-04,15.8,5000,259,4332.91
2023-08-04,16.0,4550,259,4332.91
2023-08-04,16.4,4500,259,4332.91
2023-08-04,15.5,4925,259,4332.91
2023-08-04,15.5,4700,259,4332.91
2023-08-04,15.4,4900,259,4332.91
2023-08-04,15.4,4750,259,4332.91
2023-08-04,15.7,4650,259,4332.91
2023-08-07,15.4,4700,256,4337.5
2023-08-07,15.3,4750,256,4337.5
2023-08-07,16.4,4500,256,4337.5
2023-08-07,15.6,4650,256,4337.5
2023-08-07,15.2,4900,256,4337.5
2023-08-07,15.6,5000,256,4337.5
2023-08-07,15.3,4850,256,4337.5
2023-08-07,15.7,4600,256,4337.5
2023-08-07,15.3,4800,256,4337.5
2023-08-07,16.0,4550,256,4337.5
2023-08-07,15.3,4925,256,4337.5
2023-08-08,16.6,4500,255,4288.85
2023-08-08,15.9,4850,255,4288.85
2023-08-08,16.0,4900,255,4288.85
2023-08-08,16.1,4650,255,4288.85
2023-08-08,16.6,5000,255,4288.85
2023-08-08,16.2,4600,255,4288.85
2023-08-08,15.9,4750,255,4288.85
2023-08-08,16.0,4800,255,4288.85
2023-08-08,16.4,4550,255,4288.85
2023-08-08,16.1,4925,255,4288.85
2023-08-08,15.9,4700,255,4288.85
2023-08-09,16.1,4650,254,4317.33
2023-08-09,16.6,4500,254,4317.33
2023-08-09,16.5,5000,254,4317.33
2023-08-09,16.0,4850,254,4317.33
2023-08-09,16.3,4550,254,4317.33
2023-08-09,16.0,4900,254,4317.33
2023-08-09,15.8,4750,254,4317.33
2023-08-09,16.1,4925,254,4317.33
2023-08-09,15.9,4700,254,4317.33
2023-08-09,15.9,4800,254,4317.33
2023-08-09,16.1,4600,254,4317.33
2023-08-10,15.5,4700,253,4384.04
2023-08-10,15.5,4650,253,4384.04
2023-08-10,16.3,4500,253,4384.04
2023-08-10,15.2,4850,253,4384.04
2023-08-10,16.1,4550,253,4384.04
2023-08-10,15.2,4800,253,4384.04
2023-08-10,15.5,5000,253,4384.04
2023-08-10,15.7,4600,253,4384.04
2023-08-10,15.3,4750,253,4384.04
2023-08-10,15.3,4900,253,4384.04
2023-08-10,15.3,4925,253,4384.04
2023-08-11,15.5,4850,252,4321.33
2023-08-11,16.1,5000,252,4321.33
2023-08-11,16.1,4550,252,4321.33
2023-08-11,15.8,4650,252,4321.33
2023-08-11,15.7,4925,252,4321.33
2023-08-11,16.4,4500,252,4321.33
2023-08-11,15.6,4900,252,4321.33
2023-08-11,15.6,4800,252,4321.33
2023-08-11,15.5,4750,252,4321.33
2023-08-11,15.6,4700,252,4321.33
2023-08-11,15.9,4600,252,4321.33
2023-08-14,16.1,4550,249,4330.23
2023-08-14,15.9,4600,249,4330.23
2023-08-14,15.7,4700,249,4330.23
2023-08-14,15.9,4650,249,4330.23
2023-08-14,15.7,4850,249,4330.23
2023-08-14,16.5,4500,249,4330.23
2023-08-14,15.7,4800,249,4330.23
2023-08-14,15.9,4925,249,4330.23
2023-08-14,15.8,4900,249,4330.23
2023-08-14,15.6,4750,249,4330.23
2023-08-14,16.3,5000,249,4330.23
2023-08-15,16.0,4750,248,4288.57
2023-08-15,16.6,4500,248,4288.57
2023-08-15,16.0,4700,248,4288.57
2023-08-15,16.3,4600,248,4288.57
2023-08-15,16.9,5000,248,4288.57
2023-08-15,16.2,4850,248,4288.57
2023-08-15,16.2,4800,248,4288.57
2023-08-15,16.4,4925,248,4288.57
2023-08-15,16.1,4650,248,4288.57
2023-08-15,16.3,4900,248,4288.57
2023-08-15,16.4,4550,248,4288.57
2023-08-16,16.4,4500,247,4284.27
2023-08-16,15.8,4750,247,4284.27
2023-08-16,16.1,4925,247,4284.27
2023-08-16,15.9,4650,247,4284.27
2023-08-16,16.6,5000,247,4284.27
2023-08-16,16.1,4600,247,4284.27
2023-08-16,15.7,4700,247,4284.27
2023-08-16,15.8,4800,247,4284.27
2023-08-16,15.8,4850,247,4284.27
2023-08-16,16.0,4900,247,4284.27
2023-08-16,16.2,4550,247,4284.27
2023-08-17,17.1,5000,246,4227.83
2023-08-17,16.3,4750,246,4227.83
2023-08-17,16.7,4500,246,4227.83
2023-08-17,16.2,4700,246,4227.83
2023-08-17,16.2,4650,246,4227.83
2023-08-17,16.6,4900,246,4227.83
2023-08-17,16.2,4800,246,4227.83
2023-08-17,16.6,4550,246,4227.83
2023-08-17,16.4,4600,246,4227.83
2023-08-17,16.4,4850,246,4227.83
2023-08-17,16.8,4925,246,4227.83
2023-08-18,16.6,4900,245,4212.95
2023-08-18,16.1,4750,245,4212.95
2023-08-18,16.1,4800,245,4212.95
2023-08-18,16.2,4600,245,4212.95
2023-08-18,16.3,4850,245,4212.95
2023-08-18,16.1,4650,245,4212.95
2023-08-18,16.7,4925,245,4212.95
2023-08-18,16.2,4700,245,4212.95
2023-08-18,16.4,4550,245,4212.95
2023-08-18,16.6,4500,245,4212.95
2023-08-18,17.0,5000,245,4212.95
2023-08-21,16.4,4550,242,4224.87
2023-08-21,16.1,4650,242,4224.87
2023-08-21,16.6,4500,242,4224.87
2023-08-21,16.6,4900,242,4224.87
2023-08-21,16.1,4800,242,4224.87
2023-08-21,16.7,4925,242,4224.87
2023-08-21,16.1,4750,242,4224.87
2023-08-21,16.2,4600,242,4224.87
2023-08-21,16.3,4850,242,4224.87
2023-08-21,17.0,5000,242,4224.87
2023-08-21,16.2,4700,242,4224.87
2023-08-22,16.0,4900,241,4260.37
2023-08-22,16.3,4500,241,4260.37
2023-08-22,15.8,4650,241,4260.37
2023-08-22,15.8,4750,241,4260.37
2023-08-22,15.7,4700,241,4260.37
2023-08-22,16.5,5000,241,4260.37
2023-08-22,16.2,4550,241,4260.37
2023-08-22,16.2,4925,241,4260.37
2023-08-22,16.0,4600,241,4260.37
2023-08-22,15.7,4800,241,4260.37
2023-08-22,15.8,4850,241,4260.37
2023-08-23,16.5,5000,240,4266.67
2023-08-23,16.0,4900,240,4266.67
2023-08-23,15.7,4750,240,4266.67
2023-08-23,15.7,4800,240,4266.67
2023-08-23,15.8,4850,240,4266.67
2023-08-23,15.9,4600,240,4266.67
2023-08-23,16.0,4550,240,4266.67
2023-08-23,16.1,4925,240,4266.67
2023-08-23,15.6,4700,240,4266.67
2023-08-23,15.7,4650,240,4266.67
2023-08-23,16.2,4500,240,4266.67
2023-08-24,16.0,4800,239,4232.22
2023-08-24,15.9,4650,239,4232.22
2023-08-24,16.0,4700,239,4232.22
2023-08-24,16.3,4500,239,4232.22
2023-08-24,16.3,4550,239,4232.22
2023-08-24,16.6,4925,239,4232.22
2023-08-24,16.9,5000,239,4232.22
2023-08-24,16.0,4600,239,4232.22
2023-08-24,16.2,4850,239,4232.22
2023-08-24,15.9,4750,239,4232.22
2023-08-24,16.5,4900,239,4232.22
2023-08-25,16.6,4900,238,4236.25
2023-08-25,16.3,4550,238,4236.25
2023-08-25,16.1,4600,238,4236.25
2023-08-25,16.0,4750,238,4236.25
2023-08-25,16.1,4800,238,4236.25
2023-08-25,16.8,4925,238,4236.25
2023-08-25,16.0,4700,238,4236.25
2023-08-25,16.0,4650,238,4236.25
2023-08-25,16.3,4850,238,4236.25
2023-08-25,17.2,5000,238,4236.25
2023-08-25,16.3,4500,238,4236.25
2023-08-28,15.3,4700,235,4293.69
2023-08-28,16.1,5000,235,4293.69
2023-08-28,15.7,4925,235,4293.69
2023-08-28,15.3,4800,235,4293.69
2023-08-28,15.4,4750,235,4293.69
2023-08-28,15.7,4600,235,4293.69
2023-08-28,15.4,4650,235,4293.69
2023-08-28,15.9,4500,235,4293.69
2023-08-28,15.7,4550,235,4293.69
2023-08-28,15.4,4850,235,4293.69
2023-08-28,15.6,4900,235,4293.69
2023-08-29,15.9,4500,234,4326.47
2023-08-29,15.1,4700,234,4326.47
2023-08-29,15.3,4650,234,4326.47
2023-08-29,15.5,4550,234,4326.47
2023-08-29,15.9,5000,234,4326.47
2023-08-29,15.1,4850,234,4326.47
2023-08-29,15.4,4925,234,4326.47
2023-08-29,15.4,4600,234,4326.47
2023-08-29,15.2,4800,234,4326.47
2023-08-29,15.3,4900,234,4326.47
2023-08-29,15.1,4750,234,4326.47
2023-08-30,15.2,4900,233,4315.31
2023-08-30,15.0,4700,233,4315.31
2023-08-30,15.7,5000,233,4315.31
2023-08-30,15.4,4925,233,4315.31
2023-08-30,15.0,4800,233,4315.31
2023-08-30,15.7,4500,233,4315.31
2023-08-30,15.4,4550,233,4315.31
2023-08-30,15.3,4600,233,4315.31
2023-08-30,15.1,4650,233,4315.31
2023-08-30,15.0,4750,233,4315.31
2023-08-30,15.1,4850,233,4315.31
2023-08-31,15.2,4925,232,4297.11
2023-08-31,15.1,4900,232,4297.11
2023-08-31,15.0,4600,232,4297.11
2023-08-31,14.8,4750,232,4297.11
2023-08-31,14.7,4800,232,4297.11
2023-08-31,14.8,4650,232,4297.11
2023-08-31,15.1,4550,232,4297.11
2023-08-31,14.7,4700,232,4297.11
2023-08-31,15.3,4500,232,4297.11
2023-08-31,14.8,4850,232,4297.11
2023-08-31,15.5,5000,232,4297.11
2023-09-01,15.2,4600,231,4282.64
2023-09-01,15.1,4650,231,4282.64
2023-09-01,15.4,4500,231,4282.64
2023-09-01,16.3,5000,231,4282.64
2023-09-01,15.4,4850,231,4282.64
2023-09-01,15.9,4925,231,4282.64
2023-09-01,15.2,4750,231,4282.64
2023-09-01,15.2,4800,231,4282.64
2023-09-01,15.3,4550,231,4282.64
2023-09-01,15.1,4700,231,4282.64
2023-09-01,15.7,4900,231,4282.64
2023-09-04,15.7,4800,228,4279.87
2023-09-04,16.3,4900,228,4279.87
2023-09-04,15.9,4850,228,4279.87
2023-09-04,15.6,4600,228,4279.87
2023-09-04,16.5,4925,228,4279.87
2023-09-04,15.7,4550,228,4279.87
2023-09-04,15.5,4700,228,4279.87
2023-09-04,15.7,4750,228,4279.87
2023-09-04,15.5,4650,228,4279.87
2023-09-04,17.0,5000,228,4279.87
2023-09-04,15.8,4500,228,4279.87
2023-09-05,16.1,4925,227,4269.16
2023-09-05,15.3,4800,227,4269.16
2023-09-05,15.5,4850,227,4269.16
2023-09-05,16.5,5000,227,4269.16
2023-09-05,15.9,4900,227,4269.16
2023-09-05,15.2,4750,227,4269.16
2023-09-05,15.4,4550,227,4269.16
2023-09-05,15.2,4700,227,4269.16
2023-09-05,15.1,4650,227,4269.16
2023-09-05,15.4,4500,227,4269.16
2023-09-05,15.2,4600,227,4269.16
2023-09-06,15.9,4850,226,4238.26
2023-09-06,15.3,4650,226,4238.26
2023-09-06,15.3,4600,226,4238.26
2023-09-06,15.5,4550,226,4238.26
2023-09-06,15.4,4700,226,4238.26
2023-09-06,16.2,4900,226,4238.26
2023-09-06,16.3,4925,226,4238.26
2023-09-06,15.6,4800,226,4238.26
2023-09-06,16.8,5000,226,4238.26
2023-09-06,15.6,4500,226,4238.26
2023-09-06,15.4,4750,226,4238.26
2023-09-07,15.7,4650,225,4221.02
2023-09-07,16.4,4850,225,4221.02
2023-09-07,15.8,4700,225,4221.02
2023-09-07,17.5,5000,225,4221.02
2023-09-07,15.9,4750,225,4221.02
2023-09-07,15.9,4500,225,4221.02
2023-09-07,15.8,4550,225,4221.02
2023-09-07,15.7,4600,225,4221.02
2023-09-07,16.1,4800,225,4221.02
2023-09-07,16.9,4925,225,4221.02
2023-09-07,16.8,4900,225,4221.02
2023-09-08,15.9,4900,224,4237.19
2023-09-08,15.7,4850,224,4237.19
2023-09-08,15.2,4750,224,4237.19
2023-09-08,15.4,4800,224,4237.19
2023-09-08,16.6,5000,224,4237.19
2023-09-08,15.4,4500,224,4237.19
2023-09-08,15.1,4650,224,4237.19
2023-09-08,15.1,4600,224,4237.19
2023-09-08,16.1,4925,224,4237.19
2023-09-08,15.2,4550,224,4237.19
2023-09-08,15.1,4700,224,4237.19
2023-09-11,15.6,4850,221,4254.33
2023-09-11,15.1,4750,221,4254.33
2023-09-11,15.3,4800,221,4254.33
2023-09-11,15.8,4900,221,4254.33
2023-09-11,16.0,4925,221,4254.33
2023-09-11,15.3,4500,221,4254.33
2023-09-11,16.5,5000,221,4254.33
2023-09-11,15.1,4700,221,4254.33
2023-09-11,15.0,4600,221,4254.33
2023-09-11,15.2,4550,221,4254.33
2023-09-11,15.0,4650,221,4254.33
2023-09-12,15.3,4550,220,4242.27
2023-09-12,15.7,4850,220,4242.27
2023-09-12,15.1,4650,220,4242.27
2023-09-12,15.2,4750,220,4242.27
2023-09-12,15.4,4800,220,4242.27
2023-09-12,15.9,4900,220,4242.27
2023-09-12,15.1,4600,220,4242.27
2023-09-12,16.1,4925,220,4242.27
2023-09-12,15.4,4500,220,4242.27
2023-09-12,16.6,5000,220,4242.27
2023-09-12,15.2,4700,220,4242.27
2023-09-13,15.9,4925,219,4223.48
2023-09-13,15.0,4550,219,4223.48
2023-09-13,15.5,4850,219,4223.48
2023-09-13,15.0,4650,219,4223.48
2023-09-13,15.0,4750,219,4223.48
2023-09-13,16.5,5000,219,4223.48
2023-09-13,15.2,4800,219,4223.48
2023-09-13,14.9,4600,219,4223.48
2023-09-13,14.9,4700,219,4223.48
2023-09-13,15.7,4900,219,4223.48
2023-09-13,15.3,4500,219,4223.48
2023-09-14,14.3,4800,218,4279.75
2023-09-14,14.7,4500,218,4279.75
2023-09-14,14.3,4650,218,4279.75
2023-09-14,14.6,4550,218,4279.75
2023-09-14,14.7,4900,218,4279.75
2023-09-14,14.9,4925,218,4279.75
2023-09-14,14.2,4750,218,4279.75
2023-09-14,14.6,4850,218,4279.75
2023-09-14,14.3,4700,218,4279.75
2023-09-14,15.4,5000,218,4279.75
2023-09-14,14.3,4600,218,4279.75
2023-09-15,14.7,4750,217,4295.05
2023-09-15,15.4,4900,217,4295.05
2023-09-15,15.5,4925,217,4295.05
2023-09-15,14.8,4600,217,4295.05
2023-09-15,15.9,5000,217,4295.05
2023-09-15,14.9,4550,217,4295.05
2023-09-15,14.7,4700,217,4295.05
2023-09-15,15.0,4500,217,4295.05
2023-09-15,14.8,4800,217,4295.05
2023-09-15,14.7,4650,217,4295.05
2023-09-15,15.0,4850,217,4295.05
2023-09-18,15.2,4500,214,4245.88
2023-09-18,15.7,4900,214,4245.88
2023-09-18,14.9,4650,214,4245.88
2023-09-18,14.9,4700,214,4245.88
2023-09-18,16.4,5000,214,4245.88
2023-09-18,15.1,4550,214,4245.88
2023-09-18,15.8,4925,214,4245.88
2023-09-18,15.0,4750,214,4245.88
2023-09-18,15.5,4850,214,4245.88
2023-09-18,14.9,4600,214,4245.88
2023-09-18,15.2,4800,214,4245.88
2023-09-19,16.2,4925,213,4242.7
2023-09-19,15.2,4700,213,4242.7
2023-09-19,15.3,4750,213,4242.7
2023-09-19,15.1,4600,213,4242.7
2023-09-19,16.8,5000,213,4242.7
2023-09-19,16.1,4900,213,4242.7
2023-09-19,15.8,4850,213,4242.7
2023-09-19,15.3,4550,213,4242.7
2023-09-19,15.4,4500,213,4242.7
2023-09-19,15.5,4800,213,4242.7
2023-09-19,15.2,4650,213,4242.7
2023-09-20,15.2,4925,212,4275.98
2023-09-20,14.6,4800,212,4275.98
2023-09-20,14.5,4700,212,4275.98
2023-09-20,15.1,4900,212,4275.98
2023-09-20,14.5,4600,212,4275.98
2023-09-20,14.5,4650,212,4275.98
2023-09-20,14.9,4850,212,4275.98
2023-09-20,14.8,4550,212,4275.98
2023-09-20,15.8,5000,212,4275.98
2023-09-20,14.5,4750,212,4275.98
2023-09-20,14.8,4500,212,4275.98
2023-09-21,15.3,4650,211,4212.59
2023-09-21,15.6,4500,211,4212.59
2023-09-21,16.4,4925,211,4212.59
2023-09-21,16.2,4900,211,4212.59
2023-09-21,16.0,4850,211,4212.59
2023-09-21,17.1,5000,211,4212.59
2023-09-21,15.3,4550,211,4212.59
2023-09-21,15.4,4750,211,4212.59
2023-09-21,15.3,4700,211,4212.59
2023-09-21,15.3,4600,211,4212.59
2023-09-21,15.7,4800,211,4212.59
2023-09-22,16.4,4925,210,4207.16
2023-09-22,15.2,4700,210,4207.16
2023-09-22,15.4,4750,210,4207.16
2023-09-22,15.2,4600,210,4207.16
2023-09-22,15.7,4800,210,4207.16
2023-09-22,15.9,4850,210,4207.16
2023-09-22,15.2,4650,210,4207.16
2023-09-22,15.4,4500,210,4207.16
2023-09-22,16.2,4900,210,4207.16
2023-09-22,17.1,5000,210,4207.16
2023-09-22,15.2,4550,210,4207.16
2023-09-25,18.7,5000,207,4167.37
2023-09-25,18.0,4925,207,4167.37
2023-09-25,17.0,4800,207,4167.37
2023-09-25,16.1,4600,207,4167.37
2023-09-25,16.1,4650,207,4167.37
2023-09-25,16.3,4700,207,4167.37
2023-09-25,16.6,4750,207,4167.37
2023-09-25,16.0,4500,207,4167.37
2023-09-25,17.7,4900,207,4167.37
2023-09-25,17.3,4850,207,4167.37
2023-09-25,16.0,4550,207,4167.37
2023-09-26,18.8,5000,206,4129.18
2023-09-26,16.2,4550,206,4129.18
2023-09-26,17.4,4850,206,4129.18
2023-09-26,18.0,4925,206,4129.18
2023-09-26,17.1,4800,206,4129.18
2023-09-26,16.9,4750,206,4129.18
2023-09-26,16.5,4700,206,4129.18
2023-09-26,17.8,4900,206,4129.18
2023-09-26,16.2,4600,206,4129.18
2023-09-26,16.1,4500,206,4129.18
2023-09-26,16.3,4650,206,4129.18
2023-09-27,17.2,4800,205,4131.68
2023-09-27,16.2,4550,205,4131.68
2023-09-27,16.9,4750,205,4131.68
2023-09-27,16.2,4500,205,4131.68
2023-09-27,16.3,4600,205,4131.68
2023-09-27,19.0,5000,205,4131.68
2023-09-27,17.9,4900,205,4131.68
2023-09-27,18.1,4925,205,4131.68
2023-09-27,17.5,4850,205,4131.68
2023-09-27,16.6,4700,205,4131.68
2023-09-27,16.3,4650,205,4131.68
2023-09-28,18.7,5000,204,4161.56
2023-09-28,17.4,4850,204,4161.56
2023-09-28,16.2,4600,204,4161.56
2023-09-28,16.1,4500,204,4161.56
2023-09-28,16.2,4650,204,4161.56
2023-09-28,16.4,4700,204,4161.56
2023-09-28,17.9,4925,204,4161.56
2023-09-28,17.1,4800,204,4161.56
2023-09-28,16.1,4550,204,4161.56
2023-09-28,17.7,4900,204,4161.56
2023-09-28,16.7,4750,204,4161.56
2023-09-29,16.9,4925,203,4174.66
2023-09-29,16.1,4800,203,4174.66
2023-09-29,15.6,4700,203,4174.66
2023-09-29,15.9,4750,203,4174.66
2023-09-29,15.4,4550,203,4174.66
2023-09-29,17.7,5000,203,4174.66
2023-09-29,16.3,4850,203,4174.66
2023-09-29,16.7,4900,203,4174.66
2023-09-29,15.4,4500,203,4174.66
2023-09-29,15.5,4600,203,4174.66
2023-09-29,15.4,4650,203,4174.66
2023-10-02,16.1,4500,200,4137.63
2023-10-02,16.9,4750,200,4137.63
2023-10-02,19.0,5000,200,4137.63
2023-10-02,17.5,4850,200,4137.63
2023-10-02,16.5,4700,200,4137.63
2023-10-02,16.2,4600,200,4137.63
2023-10-02,16.2,4650,200,4137.63
2023-10-02,17.9,4900,200,4137.63
2023-10-02,16.1,4550,200,4137.63
2023-10-02,18.2,4925,200,4137.63
2023-10-02,17.1,4800,200,4137.63
2023-10-03,16.2,4600,199,4095.59
2023-10-03,16.1,4550,199,4095.59
2023-10-03,16.2,4650,199,4095.59
2023-10-03,18.2,4925,199,4095.59
2023-10-03,16.1,4500,199,4095.59
2023-10-03,16.9,4750,199,4095.59
2023-10-03,16.5,4700,199,4095.59
2023-10-03,17.5,4850,199,4095.59
2023-10-03,17.1,4800,199,4095.59
2023-10-03,17.9,4900,199,4095.59
2023-10-03,19.0,5000,199,4095.59
2023-10-04,16.4,4500,198,4099.85
2023-10-04,16.5,4550,198,4099.85
2023-10-04,17.3,4750,198,4099.85
2023-10-04,17.6,4800,198,4099.85
2023-10-04,17.0,4700,198,4099.85
2023-10-04,16.7,4650,198,4099.85
2023-10-04,18.0,4850,198,4099.85
2023-10-04,16.5,4600,198,4099.85
2023-10-04,18.5,4900,198,4099.85
2023-10-04,18.8,4925,198,4099.85
2023-10-04,19.7,5000,198,4099.85
2023-10-05,19.6,5000,197,4099.81
2023-10-05,16.9,4700,197,4099.81
2023-10-05,17.9,4850,197,4099.81
2023-10-05,18.4,4900,197,4099.81
2023-10-05,18.7,4925,197,4099.81
2023-10-05,17.1,4750,197,4099.81
2023-10-05,16.4,4600,197,4099.81
2023-10-05,16.4,4550,197,4099.81
2023-10-05,17.4,4800,197,4099.81
2023-10-05,16.3,4500,197,4099.81
2023-10-05,16.6,4650,197,4099.81
2023-10-06,17.1,4800,196,4144.43
2023-10-06,16.5,4700,196,4144.43
2023-10-06,17.9,4900,196,4144.43
2023-10-06,16.2,4550,196,4144.43
2023-10-06,18.2,4925,196,4144.43
2023-10-06,17.5,4850,196,4144.43
2023-10-06,16.2,4600,196,4144.43
2023-10-06,16.3,4650,196,4144.43
2023-10-06,16.1,4500,196,4144.43
2023-10-06,19.0,5000,196,4144.43
2023-10-06,16.9,4750,196,4144.43
2023-10-09,16.2,4600,193,4112.57
2023-10-09,16.3,4550,193,4112.57
2023-10-09,17.3,4800,193,4112.57
2023-10-09,18.3,4900,193,4112.57
2023-10-09,19.5,5000,193,4112.57
2023-10-09,17.7,4850,193,4112.57
2023-10-09,17.0,4750,193,4112.57
2023-10-09,16.4,4650,193,4112.57
2023-10-09,16.2,4500,193,4112.57
2023-10-09,16.7,4700,193,4112.57
2023-10-09,18.6,4925,193,4112.57
2023-10-10,15.8,4700,192,4205.23
2023-10-10,17.0,4900,192,4205.23
2023-10-10,15.8,4500,192,4205.23
2023-10-10,16.0,4750,192,4205.23
2023-10-10,16.4,4800,192,4205.23
2023-10-10,18.0,5000,192,4205.23
2023-10-10,17.2,4925,192,4205.23
2023-10-10,15.7,4600,192,4205.23
2023-10-10,15.7,4650,192,4205.23
2023-10-10,16.7,4850,192,4205.23
2023-10-10,15.6,4550,192,4205.23
2023-10-11,15.8,4850,191,4200.8
2023-10-11,15.4,4500,191,4200.8
2023-10-11,15.2,4700,191,4200.8
2023-10-11,15.6,4800,191,4200.8
2023-10-11,15.2,4650,191,4200.8
2023-10-11,15.5,4750,191,4200.8
2023-10-11,16.5,4925,191,4200.8
2023-10-11,15.3,4600,191,4200.8
2023-10-11,17.3,5000,191,4200.8
2023-10-11,15.2,4550,191,4200.8
2023-10-11,16.2,4900,191,4200.8
2023-10-12,15.5,4550,190,4198.23
2023-10-12,15.5,4650,190,4198.23
2023-10-12,16.5,4850,190,4198.23
2023-10-12,16.9,4900,190,4198.23
2023-10-12,15.6,4700,190,4198.23
2023-10-12,18.0,5000,190,4198.23
2023-10-12,15.6,4600,190,4198.23
2023-10-12,15.9,4750,190,4198.23
2023-10-12,16.2,4800,190,4198.23
2023-10-12,17.2,4925,190,4198.23
2023-10-12,15.6,4500,190,4198.23
2023-10-13,16.4,4550,189,4136.12
2023-10-13,17.9,4850,189,4136.12
2023-10-13,18.4,4900,189,4136.12
2023-10-13,17.4,4800,189,4136.12
2023-10-13,16.3,4500,189,4136.12
2023-10-13,18.6,4925,189,4136.12
2023-10-13,16.8,4700,189,4136.12
2023-10-13,17.2,4750,189,4136.12
2023-10-13,16.4,4600,189,4136.12
2023-10-13,16.5,4650,189,4136.12
2023-10-13,19.5,5000,189,4136.12
2023-10-16,16.5,4700,186,4149.86
2023-10-16,17.2,4800,186,4149.86
2023-10-16,17.6,4850,186,4149.86
2023-10-16,16.2,4600,186,4149.86
2023-10-16,19.2,5000,186,4149.86
2023-10-16,16.2,4550,186,4149.86
2023-10-16,18.3,4925,186,4149.86
2023-10-16,16.1,4500,186,4149.86
2023-10-16,16.9,4750,186,4149.86
2023-10-16,18.1,4900,186,4149.86
2023-10-16,16.3,4650,186,4149.86
2023-10-17,18.5,4925,185,4152.32
2023-10-17,16.3,4550,185,4152.32
2023-10-17,17.0,4750,185,4152.32
2023-10-17,16.6,4700,185,4152.32
2023-10-17,16.3,4600,185,4152.32
2023-10-17,18.2,4900,185,4152.32
2023-10-17,17.3,4800,185,4152.32
2023-10-17,17.7,4850,185,4152.32
2023-10-17,16.2,4500,185,4152.32
2023-10-17,19.4,5000,185,4152.32
2023-10-17,16.4,4650,185,4152.32
2023-10-18,16.9,4650,184,4105.86
2023-10-18,18.3,4850,184,4105.86
2023-10-18,16.7,4550,184,4105.86
2023-10-18,20.1,5000,184,4105.86
2023-10-18,16.7,4500,184,4105.86
2023-10-18,17.5,4750,184,4105.86
2023-10-18,18.8,4900,184,4105.86
2023-10-18,16.7,4600,184,4105.86
2023-10-18,19.1,4925,184,4105.86
2023-10-18,17.8,4800,184,4105.86
2023-10-18,17.3,4700,184,4105.86
2023-10-19,17.1,4500,183,4090.33
2023-10-19,17.1,4600,183,4090.33
2023-10-19,18.0,4750,183,4090.33
2023-10-19,20.6,5000,183,4090.33
2023-10-19,19.4,4900,183,4090.33
2023-10-19,18.3,4800,183,4090.33
2023-10-19,17.3,4650,183,4090.33
2023-10-19,17.7,4700,183,4090.33
2023-10-19,17.1,4550,183,4090.33
2023-10-19,19.7,4925,183,4090.33
2023-10-19,18.8,4850,183,4090.33
2023-10-20,17.3,4600,182,4024.68
2023-10-20,19.4,4900,182,4024.68
2023-10-20,17.9,4750,182,4024.68
2023-10-20,17.1,4550,182,4024.68
2023-10-20,17.6,4700,182,4024.68
2023-10-20,19.0,4850,182,4024.68
2023-10-20,20.5,5000,182,4024.68
2023-10-20,17.4,4650,182,4024.68
2023-10-20,19.6,4925,182,4024.68
2023-10-20,18.4,4800,182,4024.68
2023-10-20,17.0,4500,182,4024.68
2023-10-23,17.7,4650,179,4041.75
2023-10-23,18.4,4750,179,4041.75
2023-10-23,20.4,4925,179,4041.75
2023-10-23,20.1,4900,179,4041.75
2023-10-23,18.0,4700,179,4041.75
2023-10-23,21.3,5000,179,4041.75
2023-10-23,19.5,4850,179,4041.75
2023-10-23,18.9,4800,179,4041.75
2023-10-23,17.0,4500,179,4041.75
2023-10-23,17.1,4550,179,4041.75
2023-10-23,17.4,4600,179,4041.75
2023-10-24,17.0,4500,178,4065.37
2023-10-24,18.9,4800,178,4065.37
2023-10-24,17.9,4700,178,4065.37
2023-10-24,17.6,4650,178,4065.37
2023-10-24,21.5,5000,178,4065.37
2023-10-24,20.1,4900,178,4065.37
2023-10-24,20.4,4925,178,4065.37
2023-10-24,19.4,4850,178,4065.37
2023-10-24,17.0,4550,178,4065.37
2023-10-24,18.3,4750,178,4065.37
2023-10-24,17.2,4600,178,4065.37
2023-10-25,17.5,4750,177,4073.35
2023-10-25,16.7,4600,177,4073.35
2023-10-25,20.2,5000,177,4073.35
2023-10-25,18.5,4850,177,4073.35
2023-10-25,17.0,4650,177,4073.35
2023-10-25,19.2,4900,177,4073.35
2023-10-25,16.5,4550,177,4073.35
2023-10-25,17.2,4700,177,4073.35
2023-10-25,18.0,4800,177,4073.35
2023-10-25,16.6,4500,177,4073.35
2023-10-25,19.4,4925,177,4073.35
2023-10-26,20.2,4925,176,4049.4
2023-10-26,19.9,4900,176,4049.4
2023-10-26,21.0,5000,176,4049.4
2023-10-26,17.3,4600,176,4049.4
2023-10-26,19.2,4850,176,4049.4
2023-10-26,18.7,4800,176,4049.4
2023-10-26,17.1,4550,176,4049.4
2023-10-26,17.0,4500,176,4049.4
2023-10-26,18.2,4750,176,4049.4
2023-10-26,17.8,4700,176,4049.4
2023-10-26,17.6,4650,176,4049.4
2023-10-27,18.7,4850,175,4014.36
2023-10-27,19.5,4925,175,4014.36
2023-10-27,18.3,4800,175,4014.36
2023-10-27,16.7,4600,175,4014.36
2023-10-27,19.2,4900,175,4014.36
2023-10-27,16.6,4550,175,4014.36
2023-10-27,16.9,4650,175,4014.36
2023-10-27,20.4,5000,175,4014.36
2023-10-27,17.3,4700,175,4014.36
2023-10-27,16.4,4500,175,4014.36
2023-10-27,17.8,4750,175,4014.36
2023-10-30,19.3,4800,172,4028.32
2023-10-30,17.5,4600,172,4028.32
2023-10-30,21.8,5000,172,4028.32
2023-10-30,18.7,4750,172,4028.32
2023-10-30,20.9,4925,172,4028.32
2023-10-30,18.2,4700,172,4028.32
2023-10-30,17.2,4550,172,4028.32
2023-10-30,20.6,4900,172,4028.32
2023-10-30,17.8,4650,172,4028.32
2023-10-30,19.9,4850,172,4028.32
2023-10-30,17.0,4500,172,4028.32
2023-10-31,17.6,4650,171,4061.12
2023-10-31,20.6,4925,171,4061.12
2023-10-31,20.3,4900,171,4061.12
2023-10-31,17.2,4600,171,4061.12
2023-10-31,18.4,4750,171,4061.12
2023-10-31,18.9,4800,171,4061.12
2023-10-31,21.7,5000,171,4061.12
2023-10-31,16.8,4500,171,4061.12
2023-10-31,17.9,4700,171,4061.12
2023-10-31,19.6,4850,171,4061.12
2023-10-31,16.9,4550,171,4061.12
2023-11-01,18.2,4800,170,4091.71
2023-11-01,16.2,4500,170,4091.71
2023-11-01,17.7,4750,170,4091.71
2023-11-01,21.0,5000,170,4091.71
2023-11-01,18.8,4850,170,4091.71
2023-11-01,19.5,4900,170,4091.71
2023-11-01,16.5,4600,170,4091.71
2023-11-01,17.3,4700,170,4091.71
2023-11-01,16.3,4550,170,4091.71
2023-11-01,17.0,4650,170,4091.71
2023-11-01,19.9,4925,170,4091.71
2023-11-02,18.2,4900,169,4169.62
2023-11-02,15.9,4650,169,4169.62
2023-11-02,17.6,4850,169,4169.62
2023-11-02,18.5,4925,169,4169.62
2023-11-02,15.7,4600,169,4169.62
2023-11-02,15.6,4500,169,4169.62
2023-11-02,17.1,4800,169,4169.62
2023-11-02,19.5,5000,169,4169.62
2023-11-02,16.7,4750,169,4169.62
2023-11-02,16.3,4700,169,4169.62
2023-11-02,15.7,4550,169,4169.62
2023-11-03,14.9,4600,168,4174.67
2023-11-03,15.7,4750,168,4174.67
2023-11-03,16.1,4800,168,4174.67
2023-11-03,15.0,4550,168,4174.67
2023-11-03,17.6,4925,168,4174.67
2023-11-03,17.3,4900,168,4174.67
2023-11-03,15.1,4650,168,4174.67
2023-11-03,15.5,4700,168,4174.67
2023-11-03,16.7,4850,168,4174.67
2023-11-03,14.9,4500,168,4174.67
2023-11-03,18.6,5000,168,4174.67
2023-11-06,14.9,4500,165,4158.64
2023-11-06,16.6,4800,165,4158.64
2023-11-06,18.3,4925,165,4158.64
2023-11-06,19.3,5000,165,4158.64
2023-11-06,15.1,4600,165,4158.64
2023-11-06,15.0,4550,165,4158.64
2023-11-06,15.4,4650,165,4158.64
2023-11-06,15.7,4700,165,4158.64
2023-11-06,17.9,4900,165,4158.64
2023-11-06,16.1,4750,165,4158.64
2023-11-06,17.2,4850,165,4158.64
2023-11-07,17.5,4850,164,4153.37
2023-11-07,15.1,4550,164,4153.37
2023-11-07,16.9,4800,164,4153.37
2023-11-07,15.9,4700,164,4153.37
2023-11-07,15.0,4500,164,4153.37
2023-11-07,19.7,5000,164,4153.37
2023-11-07,18.6,4925,164,4153.37
2023-11-07,16.3,4750,164,4153.37
2023-11-07,18.2,4900,164,4153.37
2023-11-07,15.2,4600,164,4153.37
2023-11-07,15.6,4650,164,4153.37
2023-11-08,16.1,4750,163,4178.49
2023-11-08,18.3,4925,163,4178.49
2023-11-08,14.9,4500,163,4178.49
2023-11-08,15.0,4600,163,4178.49
2023-11-08,16.6,4800,163,4178.49
2023-11-08,19.4,5000,163,4178.49
2023-11-08,17.9,4900,163,4178.49
2023-11-08,15.7,4700,163,4178.49
2023-11-08,15.0,4550,163,4178.49
2023-11-08,17.2,4850,163,4178.49
2023-11-08,15.3,4650,163,4178.49
2023-11-09,14.7,4500,162,4229.2
2023-11-09,16.0,4800,162,4229.2
2023-11-09,15.6,4750,162,4229.2
2023-11-09,15.2,4700,162,4229.2
2023-11-09,14.7,4550,162,4229.2
2023-11-09,14.8,4650,162,4229.2
2023-11-09,18.5,5000,162,4229.2
2023-11-09,17.1,4900,162,4229.2
2023-11-09,17.4,4925,162,4229.2
2023-11-09,16.5,4850,162,4229.2
2023-11-09,14.8,4600,162,4229.2
2023-11-10,15.5,4700,161,4197.36
2023-11-10,14.8,4550,161,4197.36
2023-11-10,17.6,4900,161,4197.36
2023-11-10,19.0,5000,161,4197.36
2023-11-10,14.7,4500,161,4197.36
2023-11-10,15.8,4750,161,4197.36
2023-11-10,16.3,4800,161,4197.36
2023-11-10,15.0,4650,161,4197.36
2023-11-10,14.8,4600,161,4197.36
2023-11-10,17.9,4925,161,4197.36
2023-11-10,16.9,4850,161,4197.36
2023-11-13,15.4,4750,158,4232.19
2023-11-13,14.6,4650,158,4232.19
2023-11-13,14.5,4600,158,4232.19
2023-11-13,16.9,4900,158,4232.19
2023-11-13,14.4,4550,158,4232.19
2023-11-13,18.4,5000,158,4232.19
2023-11-13,16.3,4850,158,4232.19
2023-11-13,15.8,4800,158,4232.19
2023-11-13,17.3,4925,158,4232.19
2023-11-13,14.4,4500,158,4232.19
2023-11-13,15.0,4700,158,4232.19
2023-11-14,13.4,4600,157,4291.72
2023-11-14,15.2,4925,157,4291.72
2023-11-14,14.0,4800,157,4291.72
2023-11-14,13.4,4650,157,4291.72
2023-11-14,14.4,4850,157,4291.72
2023-11-14,13.8,4750,157,4291.72
2023-11-14,15.9,5000,157,4291.72
2023-11-14,13.7,4500,157,4291.72
2023-11-14,14.9,4900,157,4291.72
2023-11-14,13.4,4550,157,4291.72
2023-11-14,13.5,4700,157,4291.72
2023-11-15,14.0,4500,156,4315.53
2023-11-15,13.8,4600,156,4315.53
2023-11-15,15.8,4925,156,4315.53
2023-11-15,14.7,4800,156,4315.53
2023-11-15,15.5,4900,156,4315.53
2023-11-15,14.0,4700,156,4315.53
2023-11-15,15.1,4850,156,4315.53
2023-11-15,14.0,4650,156,4315.53
2023-11-15,16.8,5000,156,4315.53
2023-11-15,13.9,4550,156,4315.53
2023-11-15,14.3,4750,156,4315.53
2023-11-16,16.0,4900,155,4302.45
2023-11-16,16.3,4925,155,4302.45
2023-11-16,14.1,4550,155,4302.45
2023-11-16,14.2,4500,155,4302.45
2023-11-16,17.3,5000,155,4302.45
2023-11-16,14.1,4600,155,4302.45
2023-11-16,14.6,4750,155,4302.45
2023-11-16,15.5,4850,155,4302.45
2023-11-16,14.3,4650,155,4302.45
2023-11-16,15.2,4800,155,4302.45
2023-11-16,14.3,4700,155,4302.45
2023-11-17,13.9,4500,154,4340.77
2023-11-17,14.1,4750,154,4340.77
2023-11-17,15.5,4900,154,4340.77
2023-11-17,15.0,4850,154,4340.77
2023-11-17,16.7,5000,154,4340.77
2023-11-17,13.8,4650,154,4340.77
2023-11-17,14.5,4800,154,4340.77
2023-11-17,13.9,4550,154,4340.77
2023-11-17,15.8,4925,154,4340.77
2023-11-17,13.7,4600,154,4340.77
2023-11-17,13.9,4700,154,4340.77
2023-11-20,13.4,4650,151,4342.41
2023-11-20,13.9,4800,151,4342.41
2023-11-20,13.5,4550,151,4342.41
2023-11-20,14.2,4850,151,4342.41
2023-11-20,13.6,4500,151,4342.41
2023-11-20,13.4,4700,151,4342.41
2023-11-20,14.7,4900,151,4342.41
2023-11-20,15.0,4925,151,4342.41
2023-11-20,13.5,4750,151,4342.41
2023-11-20,15.9,5000,151,4342.41
2023-11-20,13.3,4600,151,4342.41
2023-11-21,13.6,4600,150,4331.9
2023-11-21,14.0,4750,150,4331.9
2023-11-21,13.7,4700,150,4331.9
2023-11-21,13.8,4500,150,4331.9
2023-11-21,16.5,5000,150,4331.9
2023-11-21,14.7,4850,150,4331.9
2023-11-21,13.8,4550,150,4331.9
2023-11-21,13.7,4650,150,4331.9
2023-11-21,14.4,4800,150,4331.9
2023-11-21,15.2,4900,150,4331.9
2023-11-21,15.5,4925,150,4331.9
2023-11-22,13.6,4550,149,4352.02
2023-11-22,14.1,4800,149,4352.02
2023-11-22,14.9,4900,149,4352.02
2023-11-22,13.7,4750,149,4352.02
2023-11-22,14.4,4850,149,4352.02
2023-11-22,16.1,5000,149,4352.02
2023-11-22,15.1,4925,149,4352.02
2023-11-22,13.4,4650,149,4352.02
2023-11-22,13.6,4500,149,4352.02
2023-11-22,13.4,4600,149,4352.02
2023-11-22,13.5,4700,149,4352.02
2023-11-23,14.9,4900,148,4361.32
2023-11-23,13.6,4700,148,4361.32
2023-11-23,13.5,4650,148,4361.32
2023-11-23,15.1,4925,148,4361.32
2023-11-23,14.1,4800,148,4361.32
2023-11-23,13.7,4550,148,4361.32
2023-11-23,13.5,4600,148,4361.32
2023-11-23,13.8,4500,148,4361.32
2023-11-23,14.5,4850,148,4361.32
2023-11-23,13.7,4750,148,4361.32
2023-11-23,16.0,5000,148,4361.32
2023-11-24,14.6,4900,147,4372.1
2023-11-24,13.6,4700,147,4372.1
2023-11-24,14.3,4850,147,4372.1
2023-11-24,15.7,5000,147,4372.1
2023-11-24,13.6,4750,147,4372.1
2023-11-24,14.9,4925,147,4372.1
2023-11-24,13.8,4500,147,4372.1
2023-11-24,13.9,4800,147,4372.1
2023-11-24,13.4,4650,147,4372.1
2023-11-24,13.5,4600,147,4372.1
2023-11-24,13.6,4550,147,4372.1
2023-11-27,14.8,4900,144,4354.41
2023-11-27,13.6,4650,144,4354.41
2023-11-27,13.6,4700,144,4354.41
2023-11-27,14.4,4850,144,4354.41
2023-11-27,16.0,5000,144,4354.41
2023-11-27,13.7,4750,144,4354.41
2023-11-27,13.7,4550,144,4354.41
2023-11-27,13.9,4500,144,4354.41
2023-11-27,15.1,4925,144,4354.41
2023-11-27,14.1,4800,144,4354.41
2023-11-27,13.6,4600,144,4354.41
2023-11-28,15.4,4900,143,4348.02
2023-11-28,14.0,4700,143,4348.02
2023-11-28,13.9,4550,143,4348.02
2023-11-28,14.1,4750,143,4348.02
2023-11-28,14.0,4500,143,4348.02
2023-11-28,15.7,4925,143,4348.02
2023-11-28,13.8,4600,143,4348.02
2023-11-28,16.7,5000,143,4348.02
2023-11-28,14.5,4800,143,4348.02
2023-11-28,14.9,4850,143,4348.02
2023-11-28,13.9,4650,143,4348.02
2023-11-29,13.8,4700,142,4370.53
2023-11-29,13.7,4600,142,4370.53
2023-11-29,13.7,4650,142,4370.53
2023-11-29,14.0,4500,142,4370.53
2023-11-29,16.1,5000,142,4370.53
2023-11-29,14.6,4850,142,4370.53
2023-11-29,13.8,4750,142,4370.53
2023-11-29,14.9,4900,142,4370.53
2023-11-29,15.2,4925,142,4370.53
2023-11-29,14.1,4800,142,4370.53
2023-11-29,13.8,4550,142,4370.53
2023-11-30,13.7,4550,141,4382.47
2023-11-30,14.3,4850,141,4382.47
2023-11-30,15.8,5000,141,4382.47
2023-11-30,13.6,4700,141,4382.47
2023-11-30,13.6,4600,141,4382.47
2023-11-30,13.9,4500,141,4382.47
2023-11-30,13.6,4750,141,4382.47
2023-11-30,13.9,4800,141,4382.47
2023-11-30,14.9,4925,141,4382.47
2023-11-30,14.7,4900,141,4382.47
2023-11-30,13.5,4650,141,4382.47
2023-12-01,13.5,4700,140,4418.51
2023-12-01,14.2,4850,140,4418.51
2023-12-01,13.8,4800,140,4418.51
2023-12-01,14.7,4900,140,4418.51
2023-12-01,13.6,4650,140,4418.51
2023-12-01,14.0,4500,140,4418.51
2023-12-01,13.6,4600,140,4418.51
2023-12-01,14.9,4925,140,4418.51
2023-12-01,13.8,4550,140,4418.51
2023-12-01,13.7,4750,140,4418.51
2023-12-01,15.7,5000,140,4418.51
2023-12-04,14.4,4925,137,4414.95
2023-12-04,13.9,4850,137,4414.95
2023-12-04,13.5,4650,137,4414.95
2023-12-04,13.6,4600,137,4414.95
2023-12-04,13.8,4550,137,4414.95
2023-12-04,13.6,4800,137,4414.95
2023-12-04,14.2,4900,137,4414.95
2023-12-04,15.2,5000,137,4414.95
2023-12-04,13.5,4750,137,4414.95
2023-12-04,13.4,4700,137,4414.95
2023-12-04,14.1,4500,137,4414.95
2023-12-05,13.8,4600,136,4452.77
2023-12-05,13.9,4800,136,4452.77
2023-12-05,14.0,4850,136,4452.77
2023-12-05,14.1,4550,136,4452.77
2023-12-05,13.8,4650,136,4452.77
2023-12-05,13.7,4700,136,4452.77
2023-12-05,13.7,4750,136,4452.77
2023-12-05,14.5,4900,136,4452.77
2023-12-05,15.4,5000,136,4452.77
2023-12-05,14.3,4500,136,4452.77
2023-12-05,14.7,4925,136,4452.77
2023-12-06,14.2,4500,135,4483.26
2023-12-06,13.1,4800,135,4483.26
2023-12-06,13.0,4750,135,4483.26
2023-12-06,13.6,4600,135,4483.26
2023-12-06,13.3,4900,135,4483.26
2023-12-06,13.4,4925,135,4483.26
2023-12-06,13.9,5000,135,4483.26
2023-12-06,13.2,4700,135,4483.26
2023-12-06,13.3,4650,135,4483.26
2023-12-06,13.1,4850,135,4483.26
2023-12-06,13.8,4550,135,4483.26
2023-12-07,15.1,5000,134,4473.77
2023-12-07,13.8,4700,134,4473.77
2023-12-07,13.7,4750,134,4473.77
2023-12-07,13.9,4800,134,4473.77
2023-12-07,14.5,4500,134,4473.77
2023-12-07,13.9,4850,134,4473.77
2023-12-07,14.2,4550,134,4473.77
2023-12-07,14.3,4900,134,4473.77
2023-12-07,14.0,4600,134,4473.77
2023-12-07,14.5,4925,134,4473.77
2023-12-07,13.8,4650,134,4473.77
2023-12-08,13.4,4800,133,4523.31
2023-12-08,13.6,4650,133,4523.31
2023-12-08,13.9,4925,133,4523.31
2023-12-08,14.6,5000,133,4523.31
2023-12-08,14.1,4550,133,4523.31
2023-12-08,14.5,4500,133,4523.31
2023-12-08,13.6,4850,133,4523.31
2023-12-08,13.5,4750,133,4523.31
2023-12-08,13.7,4900,133,4523.31
2023-12-08,13.5,4700,133,4523.31
2023-12-08,13.8,4600,133,4523.31
2023-12-11,13.4,5000,130,4540.19
2023-12-11,12.9,4850,130,4540.19
2023-12-11,13.0,4750,130,4540.19
2023-12-11,12.8,4800,130,4540.19
2023-12-11,13.1,4700,130,4540.19
2023-12-11,13.6,4600,130,4540.19
2023-12-11,14.3,4500,130,4540.19
2023-12-11,13.3,4650,130,4540.19
2023-12-11,12.9,4900,130,4540.19
2023-12-11,13.0,4925,130,4540.19
2023-12-11,14.0,4550,130,4540.19
2023-12-12,13.0,4700,129,4536.61
2023-12-12,13.2,4925,129,4536.61
2023-12-12,13.7,5000,129,4536.61
2023-12-12,13.0,4850,129,4536.61
2023-12-12,13.0,4750,129,4536.61
2023-12-12,13.1,4900,129,4536.61
2023-12-12,13.3,4650,129,4536.61
2023-12-12,14.2,4500,129,4536.61
2023-12-12,12.9,4800,129,4536.61
2023-12-12,13.5,4600,129,4536.61
2023-12-12,13.9,4550,129,4536.61
2023-12-13,13.1,4850,128,4530.19
2023-12-13,13.1,4750,128,4530.19
2023-12-13,13.6,4600,128,4530.19
2023-12-13,13.2,4700,128,4530.19
2023-12-13,13.3,4925,128,4530.19
2023-12-13,14.3,4500,128,4530.19
2023-12-13,13.0,4800,128,4530.19
2023-12-13,13.8,5000,128,4530.19
2023-12-13,13.4,4650,128,4530.19
2023-12-13,14.0,4550,128,4530.19
2023-12-13,13.2,4900,128,4530.19
2023-12-14,13.0,4925,127,4539.16
2023-12-14,12.8,4850,127,4539.16
2023-12-14,12.9,4700,127,4539.16
2023-12-14,12.8,4750,127,4539.16
2023-12-14,13.2,4650,127,4539.16
2023-12-14,13.4,4600,127,4539.16
2023-12-14,13.5,5000,127,4539.16
2023-12-14,13.8,4550,127,4539.16
2023-12-14,14.1,4500,127,4539.16
2023-12-14,12.7,4800,127,4539.16
2023-12-14,12.9,4900,127,4539.16
2023-12-15,13.0,4700,126,4549.44
2023-12-15,12.9,4750,126,4549.44
2023-12-15,12.9,4925,126,4549.44
2023-12-15,12.8,4800,126,4549.44
2023-12-15,12.9,4850,126,4549.44
2023-12-15,13.3,5000,126,4549.44
2023-12-15,14.3,4500,126,4549.44
2023-12-15,13.3,4650,126,4549.44
2023-12-15,12.8,4900,126,4549.44
2023-12-15,14.0,4550,126,4549.44
2023-12-15,13.5,4600,126,4549.44
2023-12-18,13.4,4700,123,4521.13
2023-12-18,13.5,4650,123,4521.13
2023-12-18,13.5,4900,123,4521.13
2023-12-18,13.8,4600,123,4521.13
2023-12-18,14.5,4500,123,4521.13
2023-12-18,13.7,4925,123,4521.13
2023-12-18,13.2,4750,123,4521.13
2023-12-18,13.3,4800,123,4521.13
2023-12-18,13.3,4850,123,4521.13
2023-12-18,14.3,5000,123,4521.13
2023-12-18,14.1,4550,123,4521.13
2023-12-19,13.6,4600,122,4535.4
2023-12-19,13.0,4750,122,4535.4
2023-12-19,14.0,4550,122,4535.4
2023-12-19,13.4,4650,122,4535.4
2023-12-19,13.1,4700,122,4535.4
2023-12-19,12.9,4900,122,4535.4
2023-12-19,13.4,5000,122,4535.4
2023-12-19,13.1,4925,122,4535.4
2023-12-19,14.4,4500,122,4535.4
2023-12-19,12.9,4850,122,4535.4
2023-12-19,12.9,4800,122,4535.4
2023-12-20,14.1,4550,121,4533.82
2023-12-20,13.5,5000,121,4533.82
2023-12-20,13.0,4750,121,4533.82
2023-12-20,13.0,4800,121,4533.82
2023-12-20,13.7,4600,121,4533.82
2023-12-20,13.0,4900,121,4533.82
2023-12-20,13.2,4700,121,4533.82
2023-12-20,12.9,4850,121,4533.82
2023-12-20,13.2,4925,121,4533.82
2023-12-20,13.4,4650,121,4533.82
2023-12-20,14.4,4500,121,4533.82
2023-12-21,13.7,4750,120,4524.86
2023-12-21,13.7,4700,120,4524.86
2023-12-21,14.9,4500,120,4524.86
2023-12-21,14.0,4925,120,4524.86
2023-12-21,14.5,5000,120,4524.86
2023-12-21,13.6,4800,120,4524.86
2023-12-21,14.2,4600,120,4524.86
2023-12-21,13.9,4650,120,4524.86
2023-12-21,14.5,4550,120,4524.86
2023-12-21,13.7,4850,120,4524.86
2023-12-21,13.8,4900,120,4524.86
2023-12-22,13.5,4750,119,4521.47
2023-12-22,13.6,4700,119,4521.47
2023-12-22,14.0,4600,119,4521.47
2023-12-22,14.4,5000,119,4521.47
2023-12-22,13.8,4650,119,4521.47
2023-12-22,13.9,4925,119,4521.47
2023-12-22,13.7,4900,119,4521.47
2023-12-22,14.3,4550,119,4521.47
2023-12-22,13.5,4850,119,4521.47
2023-12-22,14.8,4500,119,4521.47
2023-12-22,13.5,4800,119,4521.47
2023-12-27,13.0,4800,114,4528.38
2023-12-27,13.4,4925,114,4528.38
2023-12-27,13.2,4700,114,4528.38
2023-12-27,13.7,4600,114,4528.38
2023-12-27,13.8,5000,114,4528.38
2023-12-27,13.0,4750,114,4528.38
2023-12-27,13.2,4900,114,4528.38
2023-12-27,13.4,4650,114,4528.38
2023-12-27,14.4,4500,114,4528.38
2023-12-27,13.0,4850,114,4528.38
2023-12-27,14.0,4550,114,4528.38
2023-12-28,14.4,4500,113,4514.38
2023-12-28,13.3,4850,113,4514.38
2023-12-28,13.3,4700,113,4514.38
2023-12-28,13.9,4925,113,4514.38
2023-12-28,13.9,4550,113,4514.38
2023-12-28,13.2,4750,113,4514.38
2023-12-28,13.4,4650,113,4514.38
2023-12-28,13.7,4900,113,4514.38
2023-12-28,13.3,4800,113,4514.38
2023-12-28,13.7,4600,113,4514.38
2023-12-28,14.5,5000,113,4514.38
2023-12-29,14.4,4850,112,4521.44
2023-12-29,14.5,4550,112,4521.44
2023-12-29,14.0,4650,112,4521.44
2023-12-29,14.2,4600,112,4521.44
2023-12-29,14.9,4500,112,4521.44
2023-12-29,14.1,4800,112,4521.44
2023-12-29,14.8,4900,112,4521.44
2023-12-29,14.0,4750,112,4521.44
2023-12-29,14.0,4700,112,4521.44
2023-12-29,16.0,5000,112,4521.44
2023-12-29,15.0,4925,112,4521.44
2024-01-02,13.8,4850,108,4512.81
2024-01-02,13.8,4800,108,4512.81
2024-01-02,15.0,5000,108,4512.81
2024-01-02,13.6,4750,108,4512.81
2024-01-02,13.8,4700,108,4512.81
2024-01-02,14.3,4925,108,4512.81
2024-01-02,14.3,4550,108,4512.81
2024-01-02,14.9,4500,108,4512.81
2024-01-02,14.1,4900,108,4512.81
2024-01-02,13.8,4650,108,4512.81
2024-01-02,14.1,4600,108,4512.81
2024-01-03,14.7,4550,107,4448.13
2024-01-03,16.8,5000,107,4448.13
2024-01-03,14.5,4750,107,4448.13
2024-01-03,15.5,4900,107,4448.13
2024-01-03,14.9,4500,107,4448.13
2024-01-03,15.0,4850,107,4448.13
2024-01-03,15.8,4925,107,4448.13
2024-01-03,14.6,4800,107,4448.13
2024-01-03,14.3,4700,107,4448.13
2024-01-03,14.4,4650,107,4448.13
2024-01-03,14.4,4600,107,4448.13
2024-01-04,14.6,4925,106,4474.01
2024-01-04,14.1,4550,106,4474.01
2024-01-04,15.5,5000,106,4474.01
2024-01-04,14.4,4500,106,4474.01
2024-01-04,13.6,4750,106,4474.01
2024-01-04,13.6,4650,106,4474.01
2024-01-04,14.4,4900,106,4474.01
2024-01-04,13.8,4600,106,4474.01
2024-01-04,13.6,4800,106,4474.01
2024-01-04,13.5,4700,106,4474.01
2024-01-04,14.0,4850,106,4474.01
2024-01-05,13.8,4800,105,4463.51
2024-01-05,13.7,4750,105,4463.51
2024-01-05,14.1,4550,105,4463.51
2024-01-05,13.5,4700,105,4463.51
2024-01-05,14.3,4500,105,4463.51
2024-01-05,16.0,5000,105,4463.51
2024-01-05,14.7,4900,105,4463.51
2024-01-05,13.7,4650,105,4463.51
2024-01-05,15.0,4925,105,4463.51
2024-01-05,14.3,4850,105,4463.51
2024-01-05,13.7,4600,105,4463.51
2024-01-08,13.3,4700,102,4485.48
2024-01-08,13.4,4650,102,4485.48
2024-01-08,13.6,4800,102,4485.48
2024-01-08,14.5,4900,102,4485.48
2024-01-08,13.6,4600,102,4485.48
2024-01-08,14.2,4500,102,4485.48
2024-01-08,13.5,4750,102,4485.48
2024-01-08,15.8,5000,102,4485.48
2024-01-08,14.8,4925,102,4485.48
2024-01-08,13.8,4550,102,4485.48
2024-01-08,14.0,4850,102,4485.48
2024-01-09,14.2,4925,101,4467.17
2024-01-09,13.6,4500,101,4467.17
2024-01-09,12.8,4700,101,4467.17
2024-01-09,13.1,4800,101,4467.17
2024-01-09,13.0,4600,101,4467.17
2024-01-09,12.9,4750,101,4467.17
2024-01-09,13.9,4900,101,4467.17
2024-01-09,13.4,4550,101,4467.17
2024-01-09,15.3,5000,101,4467.17
2024-01-09,13.5,4850,101,4467.17
2024-01-09,12.9,4650,101,4467.17
2024-01-10,13.0,4600,100,4468.98
2024-01-10,13.4,4800,100,4468.98
2024-01-10,15.9,5000,100,4468.98
2024-01-10,13.4,4500,100,4468.98
2024-01-10,14.7,4925,100,4468.98
2024-01-10,12.9,4700,100,4468.98
2024-01-10,14.4,4900,100,4468.98
2024-01-10,13.1,4750,100,4468.98
2024-01-10,13.3,4550,100,4468.98
2024-01-10,12.9,4650,100,4468.98
2024-01-10,13.9,4850,100,4468.98
2024-01-11,15.1,4900,99,4442.28
2024-01-11,13.6,4500,99,4442.28
2024-01-11,13.4,4700,99,4442.28
2024-01-11,13.5,4750,99,4442.28
2024-01-11,14.5,4850,99,4442.28
2024-01-11,15.5,4925,99,4442.28
2024-01-11,13.2,4650,99,4442.28
2024-01-11,13.2,4600,99,4442.28
2024-01-11,16.8,5000,99,4442.28
2024-01-11,14.0,4800,99,4442.28
2024-01-11,13.3,4550,99,4442.28
2024-01-12,13.2,4700,98,4480.02
2024-01-12,13.5,4750,98,4480.02
2024-01-12,14.3,4850,98,4480.02
2024-01-12,13.1,4600,98,4480.02
2024-01-12,16.6,5000,98,4480.02
2024-01-12,13.7,4800,98,4480.02
2024-01-12,15.0,4900,98,4480.02
2024-01-12,13.2,4650,98,4480.02
2024-01-12,13.6,4500,98,4480.02
2024-01-12,13.4,4550,98,4480.02
2024-01-12,15.4,4925,98,4480.02
2024-01-15,13.3,4500,95,4454.68
2024-01-15,13.0,4550,95,4454.68
2024-01-15,13.7,4850,95,4454.68
2024-01-15,15.9,5000,95,4454.68
2024-01-15,14.7,4925,95,4454.68
2024-01-15,12.9,4750,95,4454.68
2024-01-15,12.7,4650,95,4454.68
2024-01-15,12.8,4700,95,4454.68
2024-01-15,12.8,4600,95,4454.68
2024-01-15,14.3,4900,95,4454.68
2024-01-15,13.3,4800,95,4454.68
2024-01-16,15.8,4925,94,4446.51
2024-01-16,13.4,4550,94,4446.51
2024-01-16,13.6,4500,94,4446.51
2024-01-16,13.2,4650,94,4446.51
2024-01-16,13.7,4750,94,4446.51
2024-01-16,14.8,4850,94,4446.51
2024-01-16,14.2,4800,94,4446.51
2024-01-16,13.3,4600,94,4446.51
2024-01-16,17.2,5000,94,4446.51
2024-01-16,13.5,4700,94,4446.51
2024-01-16,15.5,4900,94,4446.51
2024-01-17,13.9,4700,93,4403.08
2024-01-17,13.9,4500,93,4403.08
2024-01-17,13.6,4600,93,4403.08
2024-01-17,13.7,4550,93,4403.08
2024-01-17,16.3,4900,93,4403.08
2024-01-17,15.5,4850,93,4403.08
2024-01-17,16.8,4925,93,4403.08
2024-01-17,14.3,4750,93,4403.08
2024-01-17,14.9,4800,93,4403.08
2024-01-17,17.2,5000,93,4403.08
2024-01-17,13.7,4650,93,4403.08
2024-01-18,13.4,4700,92,4453.05
2024-01-18,13.2,4650,92,4453.05
2024-01-18,13.4,4550,92,4453.05
2024-01-18,13.6,4750,92,4453.05
2024-01-18,13.7,4500,92,4453.05
2024-01-18,14.1,4800,92,4453.05
2024-01-18,17.2,5000,92,4453.05
2024-01-18,14.7,4850,92,4453.05
2024-01-18,15.4,4900,92,4453.05
2024-01-18,13.3,4600,92,4453.05
2024-01-18,15.8,4925,92,4453.05
2024-01-19,13.6,4750,91,4448.83
2024-01-19,13.2,4650,91,4448.83
2024-01-19,13.3,4600,91,4448.83
2024-01-19,15.4,4900,91,4448.83
2024-01-19,14.7,4850,91,4448.83
2024-01-19,14.1,4800,91,4448.83
2024-01-19,17.2,5000,91,4448.83
2024-01-19,13.4,4700,91,4448.83
2024-01-19,13.4,4550,91,4448.83
2024-01-19,15.8,4925,91,4448.83
2024-01-19,13.7,4500,91,4448.83
2024-01-22,14.4,4925,88,4480.32
2024-01-22,13.4,4850,88,4480.32
2024-01-22,15.6,5000,88,4480.32
2024-01-22,12.9,4550,88,4480.32
2024-01-22,12.6,4750,88,4480.32
2024-01-22,12.5,4600,88,4480.32
2024-01-22,12.5,4700,88,4480.32
2024-01-22,13.0,4800,88,4480.32
2024-01-22,12.4,4650,88,4480.32
2024-01-22,13.1,4500,88,4480.32
2024-01-22,14.0,4900,88,4480.32
2024-01-23,12.5,4600,87,4465.91
2024-01-23,14.4,4900,87,4465.91
2024-01-23,14.9,4925,87,4465.91
2024-01-23,13.3,4800,87,4465.91
2024-01-23,16.2,5000,87,4465.91
2024-01-23,12.4,4650,87,4465.91
2024-01-23,12.7,4550,87,4465.91
2024-01-23,12.9,4500,87,4465.91
2024-01-23,12.6,4700,87,4465.91
2024-01-23,13.7,4850,87,4465.91
2024-01-23,12.8,4750,87,4465.91
2024-01-24,12.4,4750,86,4564.11
2024-01-24,13.4,4900,86,4564.11
2024-01-24,14.6,5000,86,4564.11
2024-01-24,13.0,4550,86,4564.11
2024-01-24,13.4,4500,86,4564.11
2024-01-24,12.4,4700,86,4564.11
2024-01-24,12.5,4650,86,4564.11
2024-01-24,13.7,4925,86,4564.11
2024-01-24,12.6,4600,86,4564.11
2024-01-24,12.6,4800,86,4564.11
2024-01-24,12.8,4850,86,4564.11
2024-01-25,12.6,4800,85,4582.26
2024-01-25,12.5,4650,85,4582.26
2024-01-25,12.8,4850,85,4582.26
2024-01-25,12.6,4600,85,4582.26
2024-01-25,14.6,5000,85,4582.26
2024-01-25,13.7,4925,85,4582.26
2024-01-25,12.4,4700,85,4582.26
2024-01-25,13.4,4500,85,4582.26
2024-01-25,13.4,4900,85,4582.26
2024-01-25,13.0,4550,85,4582.26
2024-01-25,12.4,4750,85,4582.26
2024-01-26,14.2,4500,84,4635.47
2024-01-26,13.1,4650,84,4635.47
2024-01-26,13.3,4925,84,4635.47
2024-01-26,12.8,4800,84,4635.47
2024-01-26,12.9,4700,84,4635.47
2024-01-26,12.9,4850,84,4635.47
2024-01-26,13.8,4550,84,4635.47
2024-01-26,13.2,4900,84,4635.47
2024-01-26,14.1,5000,84,4635.47
2024-01-26,13.4,4600,84,4635.47
2024-01-26,12.7,4750,84,4635.47
2024-01-29,13.0,4700,81,4639.36
2024-01-29,14.1,4550,81,4639.36
2024-01-29,12.9,4800,81,4639.36
2024-01-29,13.2,4900,81,4639.36
2024-01-29,12.8,4750,81,4639.36
2024-01-29,14.2,5000,81,4639.36
2024-01-29,13.2,4650,81,4639.36
2024-01-29,12.9,4850,81,4639.36
2024-01-29,13.5,4600,81,4639.36
2024-01-29,13.3,4925,81,4639.36
2024-01-29,14.4,4500,81,4639.36
2024-01-30,12.8,4750,80,4662.7
2024-01-30,14.2,5000,80,4662.7
2024-01-30,12.9,4850,80,4662.7
2024-01-30,13.2,4900,80,4662.7
2024-01-30,14.1,4550,80,4662.7
2024-01-30,13.5,4600,80,4662.7
2024-01-30,13.0,4700,80,4662.7
2024-01-30,12.9,4800,80,4662.7
2024-01-30,13.3,4925,80,4662.7
2024-01-30,13.2,4650,80,4662.7
2024-01-30,14.4,4500,80,4662.7
2024-01-31,14.7,4550,79,4648.4
2024-01-31,13.2,4750,79,4648.4
2024-01-31,13.4,4700,79,4648.4
2024-01-31,13.6,4925,79,4648.4
2024-01-31,14.3,5000,79,4648.4
2024-01-31,13.8,4650,79,4648.4
2024-01-31,15.1,4500,79,4648.4
2024-01-31,14.1,4600,79,4648.4
2024-01-31,13.2,4800,79,4648.4
2024-01-31,13.2,4850,79,4648.4
2024-01-31,13.5,4900,79,4648.4
2024-02-01,13.5,4750,78,4638.6
2024-02-01,13.7,4850,78,4638.6
2024-02-01,14.3,4600,78,4638.6
2024-02-01,15.3,4500,78,4638.6
2024-02-01,14.1,4900,78,4638.6
2024-02-01,14.9,4550,78,4638.6
2024-02-01,13.9,4650,78,4638.6
2024-02-01,13.6,4800,78,4638.6
2024-02-01,14.2,4925,78,4638.6
2024-02-01,13.7,4700,78,4638.6
2024-02-01,15.1,5000,78,4638.6
